time_range,city,outdoor_temperature,outdoor_humidity,outdoor_wind_speed,outdoor_pm2_5,outdoor_pm10,outdoor_co,outdoor_no2,outdoor_o3,indoor_humidity,indoor_temperature
"2024-11-26 [00:00, 00:15)",London,6.2,81,15.5,8.88,17.02,279.35,21.275,62.0,34,24
"2024-11-26 [00:15, 00:30)",London,5.3,87,15.5,8.88,17.02,279.35,21.275,62.0,34,24
"2024-11-26 [00:30, 00:45)",London,5.2,87,15.5,8.88,17.02,279.35,21.275,62.0,34,24
"2024-11-26 [00:45, 01:00)",London,5.2,87,15.5,8.88,17.02,279.35,21.275,62.0,34,24
"2024-11-26 [01:00, 01:15)",London,5.2,87,15.5,8.88,17.02,279.35,21.275,62.0,34,24
"2024-11-26 [01:15, 01:30)",London,5.0,87,15.5,8.88,17.02,279.35,21.275,62.0,34,24
"2024-11-26 [01:45, 02:00)",London,6.2,81,15.5,8.88,17.02,279.35,21.275,62.0,35,24
"2024-11-26 [02:00, 02:15)",London,6.0,81,15.1,8.695,16.465,277.5,16.465,65.0,35,24
"2024-11-26 [02:15, 02:30)",London,6.2,87,15.1,8.695,16.465,277.5,16.465,65.0,35,24
"2024-11-26 [02:30, 02:45)",London,6.2,87,15.1,8.695,16.465,277.5,16.465,65.0,35,24
"2024-11-26 [02:45, 03:00)",London,6.4,81,15.1,8.695,16.465,277.5,16.465,65.0,35,24
"2024-11-26 [03:00, 03:15)",London,6.3,81,15.1,8.325,16.835,275.65,14.245,65.0,35,24
"2024-11-26 [03:15, 03:30)",London,6.1,87,15.1,8.325,16.835,275.65,14.245,65.0,35,24
"2024-11-26 [03:30, 03:45)",London,6.2,87,15.1,8.325,16.835,275.65,14.245,65.0,35,24
"2024-11-26 [03:45, 04:00)",London,6.1,87,15.1,8.325,16.835,275.65,14.245,65.0,35,24
"2024-11-26 [04:00, 04:15)",London,6.3,87,15.8,7.955,17.205,273.8,13.135,65.0,34,24
"2024-11-26 [04:15, 04:30)",London,6.0,87,15.8,7.955,17.205,273.8,13.135,65.0,34,24
"2024-11-26 [04:30, 04:45)",London,6.2,87,15.8,7.955,17.205,273.8,13.135,65.0,34,24
"2024-11-26 [04:45, 05:00)",London,6.2,87,15.8,7.955,17.205,273.8,13.135,65.0,34,24
"2024-11-26 [05:00, 05:15)",London,6.1,87,15.8,8.325,17.575,275.65,14.245,63.0,34,24
"2024-11-26 [05:15, 05:30)",London,6.1,87,15.8,8.325,17.575,275.65,14.245,63.0,34,24
"2024-11-26 [05:45, 06:00)",London,6.4,87,15.8,8.325,17.575,275.65,14.245,63.0,34,24
"2024-11-26 [06:00, 06:15)",London,6.4,87,13.0,9.435,17.945,281.2,26.27,59.0,34,24
"2024-11-26 [06:15, 06:30)",London,6.4,87,11.9,9.435,17.945,281.2,26.27,59.0,35,24
"2024-11-26 [06:45, 07:00)",London,6.3,87,11.9,9.435,17.945,281.2,26.27,59.0,34,24
"2024-11-26 [07:00, 07:15)",London,6.0,87,10.1,11.47,19.98,294.15,53.465,40.0,34,24
"2024-11-26 [07:15, 07:30)",London,6.0,81,10.1,11.47,19.98,294.15,53.465,40.0,34,24
"2024-11-26 [07:30, 07:45)",London,6.0,81,10.1,11.47,19.98,294.15,53.465,40.0,34,24
"2024-11-26 [07:45, 08:00)",London,6.1,81,10.1,11.47,19.98,294.15,53.465,40.0,34,24
"2024-11-26 [08:00, 08:15)",London,6.1,81,9.7,13.875,24.42,333.0,88.615,26.0,34,24
"2024-11-26 [08:15, 08:30)",London,6.2,81,9.7,13.875,24.42,333.0,88.615,26.0,34,24
"2024-11-26 [08:45, 09:00)",London,5.1,87,9.7,13.875,24.42,333.0,88.615,26.0,34,24
"2024-11-26 [09:00, 09:15)",London,5.4,87,10.8,16.465,28.86,366.3,90.28,28.0,34,24
"2024-11-26 [09:15, 09:30)",London,5.3,87,10.8,16.465,28.86,366.3,90.28,28.0,34,24
"2024-11-26 [09:30, 09:45)",London,5.3,87,10.8,16.465,28.86,366.3,90.28,28.0,34,24
"2024-11-26 [09:45, 10:00)",London,7.3,81,10.8,16.465,28.86,366.3,90.28,28.0,35,24
"2024-11-26 [10:00, 10:15)",London,7.3,81,12.2,14.06,26.64,345.95,69.745,45.0,34,23
"2024-11-26 [10:15, 10:30)",London,8.4,76,12.2,14.06,26.64,345.95,69.745,45.0,32,21
"2024-11-26 [10:30, 10:45)",London,8.4,76,12.2,14.06,26.64,345.95,69.745,45.0,33,21
"2024-11-26 [10:45, 11:00)",London,8.4,76,12.2,14.06,26.64,345.95,69.745,45.0,33,20
"2024-11-26 [11:15, 11:30)",London,9.0,71,13.0,12.58,23.125,340.4,58.275,50.0,33,20
"2024-11-26 [11:30, 11:45)",London,9.3,76,13.0,12.58,23.125,340.4,58.275,50.0,34,20
"2024-11-26 [11:45, 12:00)",London,9.2,76,13.0,13.505,24.235,353.35,64.935,47.0,34,20
"2024-11-26 [12:00, 12:15)",London,9.4,76,12.6,11.84,22.015,347.8,57.165,49.0,34,19
"2024-11-26 [12:30, 12:45)",London,10.3,71,12.6,11.84,22.015,347.8,57.165,49.0,34,19
"2024-11-26 [12:45, 13:00)",London,10.1,71,12.6,11.84,22.015,347.8,57.165,49.0,34,19
"2024-11-26 [13:00, 13:15)",London,10.0,71,13.0,11.655,21.46,340.4,56.61,49.0,35,20
"2024-11-26 [13:15, 13:30)",London,11.1,66,13.0,11.655,21.46,340.4,56.61,49.0,35,21
"2024-11-26 [13:30, 13:45)",London,11.4,62,13.0,11.655,21.46,340.4,56.61,49.0,35,21
"2024-11-26 [13:45, 14:00)",London,11.2,62,13.0,11.655,21.46,340.4,56.61,49.0,36,21
"2024-11-26 [14:00, 14:15)",London,11.0,62,11.5,13.505,24.05,342.25,62.715,46.0,35,21
"2024-11-26 [14:15, 14:30)",London,11.2,62,11.5,13.505,24.05,342.25,62.715,46.0,35,21
"2024-11-26 [14:30, 14:45)",London,11.2,62,11.5,13.505,24.05,342.25,62.715,46.0,35,21
"2024-11-26 [14:45, 15:00)",London,10.3,66,11.5,13.505,24.05,342.25,62.715,46.0,35,21
"2024-11-26 [15:00, 15:15)",London,10.1,66,8.3,13.69,23.495,357.05,81.585,38.0,35,22
"2024-11-26 [15:15, 15:30)",London,10.0,66,8.3,13.69,23.495,357.05,81.585,38.0,35,22
"2024-11-26 [15:30, 15:45)",London,10.2,62,8.3,13.69,23.495,357.05,81.585,38.0,35,22
"2024-11-26 [15:45, 16:00)",London,10.0,62,8.3,13.69,23.495,357.05,81.585,38.0,35,22
"2024-11-26 [16:00, 16:15)",London,10.3,62,6.5,16.28,28.49,382.95,120.065,24.0,35,22
"2024-11-26 [16:15, 16:30)",London,9.2,66,6.5,16.28,28.49,382.95,120.065,24.0,35,22
"2024-11-26 [16:45, 17:00)",London,7.1,70,6.5,16.28,28.49,382.95,120.065,24.0,35,22
"2024-11-26 [17:00, 17:15)",London,7.1,70,4.7,23.125,32.375,445.85,150.22,4.0,35,22
"2024-11-26 [17:15, 17:30)",London,7.2,81,4.7,23.125,32.375,445.85,150.22,4.0,35,22
"2024-11-26 [17:30, 17:45)",London,5.1,87,4.7,23.125,32.375,445.85,150.22,4.0,35,22
"2024-11-26 [18:00, 18:15)",London,5.4,87,3.6,28.49,45.51,560.55,172.42,0.0,35,22
"2024-11-26 [18:15, 18:30)",London,5.3,87,3.6,28.49,45.51,560.55,172.42,0.0,35,22
"2024-11-26 [18:30, 18:45)",London,5.4,87,5.0,28.49,45.51,560.55,172.42,0.0,35,22
"2024-11-26 [18:45, 19:00)",London,5.3,87,5.0,28.49,45.51,560.55,172.42,0.0,35,22
"2024-11-26 [19:00, 19:15)",London,5.2,87,4.3,35.52,48.655,634.55,179.265,0.0,35,22
"2024-11-26 [19:15, 19:30)",London,6.3,81,4.3,35.52,48.655,634.55,179.265,0.0,35,22
"2024-11-26 [19:30, 19:45)",London,5.2,87,4.3,35.52,48.655,634.55,179.265,0.0,35,22
"2024-11-26 [19:45, 20:00)",London,5.1,87,4.3,35.52,48.655,634.55,179.265,0.0,35,22
"2024-11-26 [20:00, 20:15)",London,5.4,87,3.6,42.18,54.02,666.0,167.425,0.0,35,22
"2024-11-26 [20:15, 20:30)",London,5.1,87,3.6,42.18,54.02,666.0,167.425,0.0,35,23
"2024-11-26 [20:30, 20:45)",London,4.2,93,3.6,42.18,54.02,666.0,167.425,0.0,36,23
"2024-11-26 [21:00, 21:15)",London,6.4,81,4.3,40.7,56.055,654.9,160.395,0.0,35,23
"2024-11-26 [21:15, 21:30)",London,4.3,93,4.3,40.7,56.055,654.9,160.395,0.0,35,22
"2024-11-26 [21:30, 21:45)",London,7.2,81,4.3,40.7,56.055,654.9,160.395,0.0,35,23
"2024-11-26 [21:45, 22:00)",London,4.3,93,4.3,40.7,56.055,654.9,160.395,0.0,35,23
"2024-11-26 [22:00, 22:15)",London,4.3,93,5.0,33.67,46.435,653.05,146.335,0.0,35,23
"2024-11-26 [22:15, 22:30)",London,5.3,93,5.0,33.67,46.435,653.05,146.335,0.0,35,23
"2024-11-26 [22:30, 22:45)",London,5.3,93,5.0,33.67,46.435,653.05,146.335,0.0,36,23
"2024-11-26 [22:45, 23:00)",London,5.4,93,5.0,33.67,46.435,653.05,146.335,0.0,36,23
"2024-11-26 [23:15, 23:30)",London,7.0,87,7.2,30.895,45.325,580.9,125.06,1.0,36,23
"2024-11-26 [23:30, 23:45)",London,6.3,87,7.9,30.895,45.325,580.9,125.06,1.0,36,23
"2024-11-26 [23:45, 00:00)",London,6.3,93,7.9,30.895,45.325,580.9,125.06,1.0,36,23
"2024-11-27 [00:00, 00:15)",London,6.1,93,10.8,23.31,32.19,401.45,89.17,14.0,36,23
"2024-11-27 [00:15, 00:30)",London,7.1,87,10.8,23.31,32.19,401.45,89.17,14.0,36,23
"2024-11-27 [00:30, 00:45)",London,7.4,87,10.8,23.31,32.19,401.45,89.17,14.0,36,23
"2024-11-27 [00:45, 01:00)",London,7.4,87,10.8,23.31,32.19,401.45,89.17,14.0,36,23
"2024-11-27 [01:00, 01:15)",London,7.2,87,10.8,23.31,32.19,401.45,89.17,14.0,36,23
"2024-11-27 [01:15, 01:30)",London,6.3,93,10.8,23.31,32.19,401.45,89.17,14.0,36,23
"2024-11-27 [01:30, 01:45)",London,6.1,93,10.8,23.31,32.19,401.45,89.17,14.0,36,23
"2024-11-27 [01:45, 02:00)",London,6.3,93,10.8,23.31,32.19,401.45,89.17,14.0,36,23
"2024-11-27 [02:00, 02:15)",London,6.1,93,16.9,17.575,22.015,344.1,52.54,25.0,36,23
"2024-11-27 [02:30, 02:45)",London,6.3,93,16.9,17.575,22.015,344.1,52.54,25.0,36,23
"2024-11-27 [02:45, 03:00)",London,6.3,93,16.9,17.575,22.015,344.1,52.54,25.0,36,23
"2024-11-27 [03:00, 03:15)",London,6.1,93,21.6,12.95,13.69,312.65,35.89,44.0,36,23
"2024-11-27 [03:15, 03:30)",London,7.1,93,21.6,12.95,13.69,312.65,35.89,44.0,36,23
"2024-11-27 [03:30, 03:45)",London,7.3,93,21.6,12.95,13.69,312.65,35.89,44.0,36,23
"2024-11-27 [03:45, 04:00)",London,7.3,93,21.6,12.95,13.69,312.65,35.89,44.0,36,23
"2024-11-27 [04:00, 04:15)",London,7.2,93,21.2,7.4,8.325,299.7,28.675,45.0,36,23
"2024-11-27 [04:15, 04:30)",London,7.4,100,21.2,7.4,8.325,299.7,28.675,45.0,36,23
"2024-11-27 [05:00, 05:15)",London,8.1,93,14.4,5.365,6.105,303.4,27.565,46.0,36,23
"2024-11-27 [05:15, 05:30)",London,7.2,93,14.4,5.365,6.105,303.4,27.565,46.0,37,23
"2024-11-27 [05:30, 05:45)",London,7.3,93,14.4,5.365,6.105,303.4,27.565,46.0,37,23
"2024-11-27 [05:45, 06:00)",London,7.1,100,14.4,5.365,6.105,303.4,27.565,46.0,37,23
"2024-11-27 [06:00, 06:15)",London,7.1,100,3.6,5.365,6.475,297.85,35.15,40.0,37,23
"2024-11-27 [06:15, 06:30)",London,7.3,100,4.0,5.365,6.475,297.85,35.15,40.0,37,23
"2024-11-27 [06:30, 06:45)",London,7.3,100,4.0,5.365,6.475,297.85,35.15,40.0,37,23
"2024-11-27 [06:45, 07:00)",London,7.1,100,4.0,5.365,6.475,297.85,35.15,40.0,37,23
"2024-11-27 [07:00, 07:15)",London,7.0,100,12.6,7.03,9.435,325.6,67.525,23.0,37,23
"2024-11-27 [07:30, 07:45)",London,7.0,93,12.6,7.03,9.435,325.6,67.525,23.0,37,23
"2024-11-27 [07:45, 08:00)",London,7.2,93,12.6,7.03,9.435,325.6,67.525,23.0,37,23
"2024-11-27 [08:00, 08:15)",London,7.0,93,16.2,7.215,8.695,336.7,60.125,31.0,37,23
"2024-11-27 [08:30, 08:45)",London,6.3,100,16.2,7.215,8.695,336.7,60.125,31.0,37,24
"2024-11-27 [09:00, 09:15)",London,6.3,100,17.3,4.625,5.735,299.7,42.92,50.0,37,24
"2024-11-27 [09:15, 09:30)",London,6.2,100,17.3,4.625,5.735,299.7,42.92,50.0,37,24
"2024-11-27 [09:30, 09:45)",London,6.3,93,17.3,4.625,5.735,299.7,42.92,50.0,37,24
"2024-11-27 [09:45, 10:00)",London,6.3,93,17.3,4.625,5.735,299.7,42.92,50.0,37,24
"2024-11-27 [10:00, 10:15)",London,6.1,93,19.1,5.18,5.735,305.25,28.12,57.0,37,24
"2024-11-27 [10:15, 10:30)",London,6.3,93,19.1,5.18,5.735,305.25,28.12,57.0,37,24
"2024-11-27 [10:30, 10:45)",London,6.1,93,19.1,5.18,5.735,305.25,28.12,57.0,36,24
"2024-11-27 [10:45, 11:00)",London,6.0,93,19.1,5.18,5.735,305.25,28.12,57.0,36,24
"2024-11-27 [11:00, 11:15)",London,6.3,93,21.2,4.255,6.105,312.65,23.31,61.0,36,24
"2024-11-27 [11:30, 11:45)",London,6.3,87,21.2,4.255,6.105,312.65,23.31,61.0,36,24
"2024-11-27 [11:45, 12:00)",London,6.0,87,22.0,6.845,9.62,310.8,46.99,47.0,35,24
"2024-11-27 [12:00, 12:15)",London,6.1,87,22.7,4.81,8.51,296.0,32.005,59.0,35,24
"2024-11-27 [12:15, 12:30)",London,6.1,87,22.7,4.81,8.51,296.0,32.005,59.0,35,24
"2024-11-27 [12:30, 12:45)",London,6.1,87,22.7,4.81,8.51,296.0,32.005,59.0,35,24
"2024-11-27 [13:00, 13:15)",London,6.3,87,20.2,6.29,8.325,308.95,29.6,61.0,35,24
"2024-11-27 [13:45, 14:00)",London,6.2,81,20.2,6.29,8.325,308.95,29.6,61.0,35,24
"2024-11-27 [14:00, 14:15)",London,6.3,81,20.2,6.845,9.25,321.9,31.265,59.0,35,24
"2024-11-27 [14:15, 14:30)",London,6.3,87,20.2,6.845,9.25,321.9,31.265,59.0,34,24
"2024-11-27 [14:30, 14:45)",London,6.0,87,20.2,6.845,9.25,321.9,31.265,59.0,34,24
"2024-11-27 [14:45, 15:00)",London,6.3,87,20.2,6.845,9.25,321.9,31.265,59.0,34,24
"2024-11-27 [15:00, 15:15)",London,6.2,87,17.6,9.99,12.765,338.55,41.625,49.0,35,24
"2024-11-27 [15:15, 15:30)",London,6.3,81,17.6,9.99,12.765,338.55,41.625,49.0,35,25
"2024-11-27 [15:30, 15:45)",London,6.1,81,17.6,9.99,12.765,338.55,41.625,49.0,35,25
"2024-11-27 [15:45, 16:00)",London,6.3,81,17.6,9.99,12.765,338.55,41.625,49.0,34,25
"2024-11-27 [16:00, 16:15)",London,6.3,81,14.8,12.395,16.835,375.55,54.02,36.0,34,26
"2024-11-27 [16:45, 17:00)",London,4.2,87,14.8,12.395,16.835,375.55,54.02,36.0,32,26
"2024-11-27 [16:30, 16:45)",London,4.2,87,14.8,12.395,16.835,375.55,54.02,36.0,33,26
"2024-11-27 [17:00, 17:15)",London,4.2,87,13.0,15.54,18.685,386.65,70.67,23.0,32,26
"2024-11-27 [17:15, 17:30)",London,4.1,87,13.0,15.54,18.685,386.65,70.67,23.0,32,26
"2024-11-27 [17:30, 17:45)",London,3.3,87,13.0,15.54,18.685,386.65,70.67,23.0,31,26
"2024-11-27 [17:45, 18:00)",London,3.0,87,13.0,15.54,18.685,386.65,70.67,23.0,31,27
"2024-11-27 [18:00, 18:15)",London,3.0,87,11.9,17.76,20.905,403.3,83.065,16.0,31,27
"2024-11-27 [18:15, 18:30)",London,4.3,87,13.0,17.76,20.905,403.3,83.065,16.0,31,27
"2024-11-27 [18:30, 18:45)",London,4.3,87,13.0,17.76,20.905,403.3,83.065,16.0,31,26
"2024-11-27 [18:45, 19:00)",London,4.1,87,13.0,17.76,20.905,403.3,83.065,16.0,31,26
"2024-11-27 [19:00, 19:15)",London,4.2,87,13.3,17.205,23.495,386.65,82.695,17.0,31,26
"2024-11-27 [19:30, 19:45)",London,3.0,93,13.3,17.205,23.495,386.65,82.695,17.0,32,27
"2024-11-27 [19:45, 20:00)",London,3.3,93,13.3,17.205,23.495,386.65,82.695,17.0,33,26
"2024-11-27 [20:00, 20:15)",London,3.1,93,11.2,19.055,25.16,386.65,76.035,29.0,33,26
"2024-11-27 [20:15, 20:30)",London,3.1,93,11.2,19.055,25.16,386.65,76.035,29.0,29,24
"2024-11-27 [20:30, 20:45)",London,2.4,93,11.2,19.055,25.16,386.65,76.035,29.0,28,23
"2024-11-27 [20:45, 21:00)",London,2.3,93,11.2,19.055,25.16,386.65,76.035,29.0,28,23
"2024-11-27 [21:00, 21:15)",London,2.2,93,9.4,22.94,27.565,405.15,85.47,22.0,29,22
"2024-11-27 [21:15, 21:30)",London,2.4,93,9.4,22.94,27.565,405.15,85.47,22.0,30,21
"2024-11-27 [21:30, 21:45)",London,2.2,93,9.4,22.94,27.565,405.15,85.47,22.0,30,22
"2024-11-27 [21:45, 22:00)",London,2.2,93,9.4,22.94,27.565,405.15,85.47,22.0,30,24
"2024-11-27 [22:00, 22:15)",London,2.0,93,7.9,27.195,33.3,421.8,88.985,15.0,30,25
"2024-11-27 [22:15, 22:30)",London,2.3,100,7.9,27.195,33.3,421.8,88.985,15.0,30,25
"2024-11-27 [22:30, 22:45)",London,1.3,93,7.9,27.195,33.3,421.8,88.985,15.0,30,25
"2024-11-27 [22:45, 23:00)",London,1.2,93,7.9,27.195,33.3,421.8,88.985,15.0,30,26
"2024-11-27 [23:00, 23:15)",London,2.0,93,7.9,30.155,38.11,423.65,87.875,14.0,31,26
"2024-11-27 [23:30, 23:45)",London,1.3,93,7.9,30.155,38.11,423.65,87.875,14.0,31,26
"2024-11-27 [23:45, 00:00)",London,2.3,93,7.9,30.155,38.11,423.65,87.875,14.0,31,26
"2024-11-28 [00:00, 00:15)",London,2.3,93,6.1,31.635,42.18,408.85,69.93,23.0,31,26
"2024-11-28 [00:30, 00:45)",London,2.3,93,6.1,31.635,42.18,408.85,69.93,23.0,31,26
"2024-11-28 [00:45, 01:00)",London,2.1,93,6.1,31.635,42.18,408.85,69.93,23.0,31,26
"2024-11-28 [01:00, 01:15)",London,2.1,93,6.1,31.635,42.18,408.85,69.93,23.0,31,26
"2024-11-28 [01:15, 01:30)",London,2.3,93,6.1,31.635,42.18,408.85,69.93,23.0,31,26
"2024-11-28 [01:30, 01:45)",London,2.3,93,6.1,31.635,42.18,408.85,69.93,23.0,31,26
"2024-11-28 [02:15, 02:30)",London,0.3,93,6.1,30.525,40.7,395.9,57.72,29.0,30,26
"2024-11-28 [02:00, 02:15)",London,0.3,93,6.1,30.525,40.7,395.9,57.72,29.0,31,26
"2024-11-28 [02:30, 02:45)",London,1.1,93,6.1,30.525,40.7,395.9,57.72,29.0,30,25
"2024-11-28 [02:45, 03:00)",London,1.1,93,6.1,30.525,40.7,395.9,57.72,29.0,30,25
"2024-11-28 [03:15, 03:30)",London,1.3,93,6.1,28.86,37.555,386.65,57.165,28.0,30,25
"2024-11-28 [03:30, 03:45)",London,0.1,100,6.1,28.86,37.555,386.65,57.165,28.0,30,25
"2024-11-28 [03:45, 04:00)",London,0.1,100,6.1,28.86,37.555,386.65,57.165,28.0,30,25
"2024-11-28 [04:00, 04:15)",London,0.1,100,5.4,27.38,37.925,377.4,57.165,26.0,30,25
"2024-11-28 [04:30, 04:45)",London,0.1,100,5.4,27.38,37.925,377.4,57.165,26.0,30,25
"2024-11-28 [05:00, 05:15)",London,0.3,100,5.4,26.64,37.37,379.25,58.645,22.0,29,25
"2024-11-28 [05:15, 05:30)",London,0.0,93,5.4,26.64,37.37,379.25,58.645,22.0,29,25
"2024-11-28 [05:30, 05:45)",London,0.1,93,5.4,26.64,37.37,379.25,58.645,22.0,29,25
"2024-11-28 [05:45, 06:00)",London,0.1,93,5.4,26.64,37.37,379.25,58.645,22.0,29,25
"2024-11-28 [06:00, 06:15)",London,0.1,93,3.6,26.455,37.185,382.95,70.67,9.0,29,25
"2024-11-28 [06:15, 06:30)",London,3.3,87,3.6,26.455,37.185,382.95,70.67,9.0,29,24
"2024-11-28 [06:30, 06:45)",London,0.0,93,3.6,26.455,37.185,382.95,70.67,9.0,29,24
"2024-11-28 [06:45, 07:00)",London,0.3,93,3.6,26.455,37.185,382.95,70.67,9.0,29,24
"2024-11-28 [07:00, 07:15)",London,0.1,93,3.6,32.745,40.33,407.0,91.575,7.0,28,24
"2024-11-28 [07:15, 07:30)",London,0.0,93,3.6,32.745,40.33,407.0,91.575,7.0,28,24
"2024-11-28 [07:30, 07:45)",London,1.2,100,3.6,32.745,40.33,407.0,91.575,7.0,28,24
"2024-11-28 [07:45, 08:00)",London,1.2,100,3.6,32.745,40.33,407.0,91.575,7.0,28,24
"2024-11-28 [08:00, 08:15)",London,1.2,100,3.6,37.925,45.695,529.1,111.37,1.0,28,24
"2024-11-28 [08:15, 08:30)",London,1.2,100,3.6,37.925,45.695,529.1,111.37,1.0,28,24
"2024-11-28 [08:30, 08:45)",London,1.3,93,3.6,37.925,45.695,529.1,111.37,1.0,28,24
"2024-11-28 [08:45, 09:00)",London,1.1,93,3.6,37.925,45.695,529.1,111.37,1.0,28,24
"2024-11-28 [09:00, 09:15)",London,1.3,93,4.0,38.665,50.875,577.2,110.815,3.0,28,24
"2024-11-28 [09:15, 09:30)",London,1.2,93,4.0,38.665,50.875,577.2,110.815,3.0,29,24
"2024-11-28 [10:00, 10:15)",London,2.2,87,4.3,33.485,49.765,501.35,101.75,13.0,30,24
"2024-11-28 [13:00, 13:15)",London,7.3,81,3.6,27.935,46.25,473.6,101.75,20.0,33,18
"2024-11-28 [13:15, 13:30)",London,5.4,87,3.6,27.935,46.25,473.6,101.75,20.0,33,18
"2024-11-28 [13:30, 13:45)",London,8.0,76,3.6,27.935,46.25,473.6,101.75,20.0,32,20
"2024-11-28 [13:45, 14:00)",London,8.1,76,3.6,27.935,46.25,473.6,101.75,20.0,32,22
"2024-11-28 [14:00, 14:15)",London,6.4,81,4.7,28.675,49.58,543.9,102.305,15.0,31,22
"2024-11-28 [14:15, 14:30)",London,8.4,71,4.7,28.675,49.58,543.9,102.305,15.0,30,23
"2024-11-28 [14:30, 14:45)",London,8.3,71,4.7,28.675,49.58,543.9,102.305,15.0,30,23
"2024-11-28 [14:45, 15:00)",London,8.3,71,4.7,28.675,49.58,543.9,102.305,15.0,29,24
"2024-11-28 [15:00, 15:15)",London,8.1,71,5.4,34.41,57.72,543.9,107.67,13.0,29,24
"2024-11-28 [15:15, 15:30)",London,8.4,71,5.4,34.41,57.72,543.9,107.67,13.0,29,24
"2024-11-28 [15:30, 15:45)",London,6.2,81,5.4,34.41,57.72,543.9,107.67,13.0,28,24
"2024-11-28 [15:45, 16:00)",London,6.2,81,5.4,34.41,57.72,543.9,107.67,13.0,28,25
"2024-11-28 [16:00, 16:15)",London,6.4,81,6.5,37.0,67.155,584.6,137.64,3.0,28,25
"2024-11-28 [16:15, 16:30)",London,4.2,87,6.5,37.0,67.155,584.6,137.64,3.0,27,25
"2024-11-28 [16:30, 16:45)",London,4.4,87,6.5,37.0,67.155,584.6,137.64,3.0,27,25
"2024-11-28 [16:45, 17:00)",London,4.3,87,6.5,37.0,67.155,584.6,137.64,3.0,27,25
"2024-11-28 [17:00, 17:15)",London,4.1,87,6.5,38.665,69.745,656.75,149.85,0.0,27,26
"2024-11-28 [17:15, 17:30)",London,3.2,87,6.5,38.665,69.745,656.75,149.85,0.0,27,26
"2024-11-28 [17:30, 17:45)",London,2.0,87,6.5,38.665,69.745,656.75,149.85,0.0,27,26
"2024-11-28 [18:00, 18:15)",London,2.1,87,6.8,48.47,67.155,701.15,147.63,0.0,26,26
"2024-11-28 [18:15, 18:30)",London,1.1,93,6.8,48.47,67.155,701.15,147.63,0.0,26,26
"2024-11-28 [18:30, 18:45)",London,1.2,93,6.8,48.47,67.155,701.15,147.63,0.0,26,26
"2024-11-28 [18:45, 19:00)",London,1.2,93,6.8,48.47,67.155,701.15,147.63,0.0,26,26
"2024-11-28 [19:00, 19:15)",London,1.2,93,7.6,47.545,60.68,595.7,133.015,0.0,26,27
"2024-11-28 [19:15, 19:30)",London,3.0,87,7.6,47.545,60.68,595.7,133.015,0.0,26,27
"2024-11-28 [19:30, 19:45)",London,3.3,93,7.6,47.545,60.68,595.7,133.015,0.0,25,27
"2024-11-28 [19:45, 20:00)",London,2.1,93,7.6,47.545,60.68,595.7,133.015,0.0,25,27
"2024-11-28 [20:15, 20:30)",London,3.4,87,7.2,34.965,56.425,564.25,124.69,1.0,25,27
"2024-11-28 [20:30, 20:45)",London,1.4,93,7.2,34.965,56.425,564.25,124.69,1.0,25,27
"2024-11-28 [20:45, 21:00)",London,1.1,93,7.2,34.965,56.425,564.25,124.69,1.0,25,27
"2024-11-28 [21:00, 21:15)",London,1.4,93,7.9,33.115,51.985,536.5,120.805,1.0,25,27
"2024-11-28 [21:15, 21:30)",London,3.2,93,7.9,33.115,51.985,536.5,120.805,1.0,24,27
"2024-11-28 [21:45, 22:00)",London,1.2,93,7.9,33.115,51.985,536.5,120.805,1.0,24,27
"2024-11-28 [22:00, 22:15)",London,1.0,93,9.0,30.71,47.545,510.6,104.525,1.0,24,27
"2024-11-28 [22:15, 22:30)",London,2.2,93,9.0,30.71,47.545,510.6,104.525,1.0,24,27
"2024-11-28 [22:30, 22:45)",London,2.2,93,9.0,30.71,47.545,510.6,104.525,1.0,24,28
"2024-11-28 [22:45, 23:00)",London,2.4,93,9.0,30.71,47.545,510.6,104.525,1.0,24,27
"2024-11-28 [23:00, 23:15)",London,2.4,93,9.7,26.825,36.26,453.25,88.43,1.0,24,28
"2024-11-28 [23:15, 23:30)",London,2.3,93,9.7,26.825,36.26,453.25,88.43,1.0,24,28
"2024-11-29 [00:00, 00:15)",London,3.2,93,9.7,18.5,27.195,368.15,64.935,20.0,24,28
"2024-11-28 [23:45, 00:00)",London,1.1,100,9.4,26.825,36.26,453.25,88.43,1.0,24,28
"2024-11-29 [00:15, 00:30)",London,1.3,100,9.7,18.5,27.195,368.15,64.935,20.0,24,28
"2024-11-29 [00:30, 00:45)",London,2.2,93,9.7,18.5,27.195,368.15,64.935,20.0,24,28
"2024-11-29 [00:45, 01:00)",London,1.3,100,9.7,18.5,27.195,368.15,64.935,20.0,25,28
"2024-11-29 [01:00, 01:15)",London,1.3,100,9.7,18.5,27.195,368.15,64.935,20.0,26,28
"2024-11-29 [01:15, 01:30)",London,3.0,93,9.7,18.5,27.195,368.15,64.935,20.0,26,28
"2024-11-29 [01:30, 01:45)",London,3.1,93,9.7,18.5,27.195,368.15,64.935,20.0,26,27
"2024-11-29 [01:45, 02:00)",London,2.1,100,9.7,18.5,27.195,368.15,64.935,20.0,26,27
"2024-11-29 [02:00, 02:15)",London,2.4,100,10.8,15.91,25.53,342.25,40.885,40.0,26,27
"2024-11-29 [02:15, 02:30)",London,2.2,100,10.8,15.91,25.53,342.25,40.885,40.0,26,27
"2024-11-29 [02:30, 02:45)",London,2.4,100,10.8,15.91,25.53,342.25,40.885,40.0,26,27
"2024-11-29 [02:45, 03:00)",London,2.1,100,10.8,15.91,25.53,342.25,40.885,40.0,26,27
"2024-11-29 [03:15, 03:30)",London,3.2,87,10.8,15.54,23.31,338.55,34.965,44.0,26,26
"2024-11-29 [03:30, 03:45)",London,2.2,93,10.8,15.54,23.31,338.55,34.965,44.0,26,26
"2024-11-29 [03:45, 04:00)",London,2.1,93,10.8,15.54,23.31,338.55,34.965,44.0,26,26
"2024-11-29 [04:30, 04:45)",London,2.3,93,10.8,15.54,21.09,331.15,31.45,46.0,27,26
"2024-11-29 [04:15, 04:30)",London,2.3,93,10.8,15.54,21.09,331.15,31.45,46.0,27,26
"2024-11-29 [04:45, 05:00)",London,2.2,100,10.8,15.54,21.09,331.15,31.45,46.0,27,26
"2024-11-29 [05:00, 05:15)",London,2.4,100,11.5,14.985,19.24,318.2,30.155,47.0,27,26
"2024-11-29 [05:15, 05:30)",London,2.3,100,11.5,14.985,19.24,318.2,30.155,47.0,27,26
"2024-11-29 [05:30, 05:45)",London,2.4,100,11.9,14.985,19.24,318.2,30.155,47.0,27,26
"2024-11-29 [05:45, 06:00)",London,2.2,100,11.9,14.985,19.24,318.2,30.155,47.0,27,26
"2024-11-29 [06:00, 06:15)",London,2.2,100,12.6,16.65,21.645,323.75,39.775,47.0,27,26
"2024-11-29 [06:15, 06:30)",London,3.2,100,12.6,16.65,21.645,323.75,39.775,47.0,27,25
"2024-11-29 [06:30, 06:45)",London,3.2,100,12.6,16.65,21.645,323.75,39.775,47.0,27,25
"2024-11-29 [07:00, 07:15)",London,3.2,100,13.0,17.575,25.53,351.5,65.86,33.0,27,25
"2024-11-29 [07:15, 07:30)",London,4.2,93,13.0,17.575,25.53,351.5,65.86,33.0,27,25
"2024-11-29 [07:45, 08:00)",London,4.1,93,13.0,17.575,25.53,351.5,65.86,33.0,27,25
"2024-11-29 [08:00, 08:15)",London,4.4,93,12.6,20.905,27.01,386.65,91.39,25.0,27,25
"2024-11-29 [08:15, 08:30)",London,4.3,93,12.6,20.905,27.01,386.65,91.39,25.0,27,25
"2024-11-29 [08:45, 09:00)",London,4.4,93,12.6,20.905,27.01,386.65,91.39,25.0,28,25
"2024-11-29 [09:00, 09:15)",London,4.1,93,14.0,19.055,24.42,386.65,83.25,26.0,29,26
"2024-11-29 [09:15, 09:30)",London,5.2,93,14.0,19.055,24.42,386.65,83.25,26.0,28,25
"2024-11-29 [09:30, 09:45)",London,6.2,87,14.0,19.055,24.42,386.65,83.25,26.0,27,23
"2024-11-29 [09:45, 10:00)",London,6.3,87,14.0,19.055,24.42,386.65,83.25,26.0,27,23
"2024-11-29 [10:00, 10:15)",London,7.4,81,14.8,15.725,23.865,355.2,54.39,41.0,28,22
"2024-11-29 [10:15, 10:30)",London,7.4,81,14.8,15.725,23.865,355.2,54.39,41.0,29,22
"2024-11-29 [10:30, 10:45)",London,8.2,81,14.8,15.725,23.865,355.2,54.39,41.0,29,21
"2024-11-29 [10:45, 11:00)",London,8.4,81,14.8,15.725,23.865,355.2,54.39,41.0,29,21
"2024-11-29 [11:00, 11:15)",London,8.2,81,15.5,15.91,22.57,347.8,43.105,58.0,29,21
"2024-11-29 [11:30, 11:45)",London,9.1,76,15.5,15.91,22.57,347.8,43.105,58.0,29,21
"2024-11-29 [11:45, 12:00)",London,10.1,71,15.5,15.91,22.57,347.8,43.105,58.0,30,21
"2024-11-29 [12:00, 12:15)",London,10.3,71,16.2,13.135,20.165,336.7,34.04,58.0,30,21
"2024-11-29 [12:15, 12:30)",London,11.1,66,16.2,13.135,20.165,336.7,34.04,58.0,30,21
"2024-11-29 [12:45, 13:00)",London,11.1,62,16.2,13.135,20.165,336.7,34.04,58.0,30,22
"2024-11-29 [13:00, 13:15)",London,11.2,62,16.2,12.025,19.24,340.4,38.665,59.0,30,23
"2024-11-29 [13:15, 13:30)",London,9.4,66,16.2,12.025,19.24,340.4,38.665,59.0,30,23
"2024-11-29 [13:30, 13:45)",London,11.3,62,16.2,12.025,19.24,340.4,38.665,59.0,30,23
"2024-11-29 [13:45, 14:00)",London,11.2,62,16.2,12.025,19.24,340.4,38.665,59.0,30,23
"2024-11-29 [14:15, 14:30)",London,11.1,58,16.6,11.655,19.425,340.4,43.845,56.0,30,23
"2024-11-29 [14:30, 14:45)",London,11.2,54,16.6,11.655,19.425,340.4,43.845,56.0,30,23
"2024-11-29 [14:45, 15:00)",London,11.1,54,16.6,11.655,19.425,340.4,43.845,56.0,29,23
"2024-11-29 [15:00, 15:15)",London,11.4,54,15.8,13.135,20.35,353.35,59.015,50.0,29,23
"2024-11-29 [15:15, 15:30)",London,10.2,58,15.8,13.135,20.35,353.35,59.015,50.0,29,23
"2024-11-29 [16:00, 16:15)",London,10.2,58,15.1,14.985,21.275,368.15,80.66,39.0,28,23
"2024-11-29 [15:45, 16:00)",London,10.2,58,15.8,13.135,20.35,353.35,59.015,50.0,28,23
"2024-11-29 [16:15, 16:30)",London,9.3,62,15.1,14.985,21.275,368.15,80.66,39.0,29,23
"2024-11-29 [16:30, 16:45)",London,8.3,66,15.1,14.985,21.275,368.15,80.66,39.0,30,24
"2024-11-29 [16:45, 17:00)",London,8.2,66,15.1,14.985,21.275,368.15,80.66,39.0,31,24
"2024-11-29 [17:00, 17:15)",London,8.0,66,15.5,17.76,24.42,401.45,102.49,28.0,31,24
"2024-11-29 [17:15, 17:30)",London,8.0,66,11.2,18.5,24.975,355.2,44.4,40.0,31,24
"2024-11-29 [17:30, 17:45)",London,7.2,70,15.8,17.76,24.42,401.45,102.49,28.0,31,24
"2024-11-29 [17:45, 18:00)",London,7.3,70,15.8,17.76,24.42,401.45,102.49,28.0,31,24
"2024-11-29 [18:15, 18:30)",London,7.4,76,15.1,18.685,26.27,429.2,107.485,18.0,31,24
"2024-11-29 [18:30, 18:45)",London,7.3,76,15.1,18.685,26.27,429.2,107.485,18.0,31,24
"2024-11-29 [18:45, 19:00)",London,7.3,76,15.1,18.685,26.27,429.2,107.485,18.0,31,24
"2024-11-29 [19:15, 19:30)",London,7.1,76,14.8,19.61,27.75,397.75,98.79,14.0,31,24
"2024-11-29 [19:45, 20:00)",London,6.4,81,14.8,19.61,27.75,397.75,98.79,14.0,30,24
"2024-11-29 [20:15, 20:30)",London,7.1,76,14.8,18.87,26.085,381.1,89.54,14.0,30,24
"2024-11-29 [20:45, 21:00)",London,7.0,76,14.8,18.87,26.085,381.1,89.54,14.0,30,24
"2024-11-29 [21:00, 21:15)",London,7.2,76,14.0,18.5,27.195,373.7,83.065,16.0,30,25
"2024-11-29 [21:15, 21:30)",London,8.3,76,14.0,18.5,27.195,373.7,83.065,16.0,30,25
"2024-11-29 [21:30, 21:45)",London,8.0,76,14.0,18.5,27.195,373.7,83.065,16.0,30,25
"2024-11-29 [21:45, 22:00)",London,8.4,76,14.0,18.5,27.195,373.7,83.065,16.0,30,25
"2024-11-29 [22:00, 22:15)",London,8.0,76,12.6,17.945,27.38,358.9,67.34,22.0,30,25
"2024-11-29 [22:15, 22:30)",London,8.0,76,12.6,17.945,27.38,358.9,67.34,22.0,30,25
"2024-11-29 [22:30, 22:45)",London,8.2,76,12.6,17.945,27.38,358.9,67.34,22.0,30,25
"2024-11-29 [22:45, 23:00)",London,7.3,81,12.6,17.945,27.38,358.9,67.34,22.0,30,25
"2024-11-29 [23:00, 23:15)",London,7.3,81,12.6,17.205,21.46,353.35,58.46,31.0,30,25
"2024-11-29 [23:15, 23:30)",London,8.1,76,13.0,17.205,21.46,353.35,58.46,31.0,30,25
"2024-11-29 [23:30, 23:45)",London,7.0,81,13.0,17.205,21.46,353.35,58.46,31.0,30,25
"2024-11-29 [23:45, 00:00)",London,7.1,87,13.0,17.205,21.46,353.35,58.46,31.0,30,25
"2024-11-30 [00:00, 00:15)",London,7.2,87,11.9,12.95,20.72,325.6,57.165,39.0,30,25
"2024-11-30 [00:15, 00:30)",London,8.4,81,11.9,12.95,20.72,325.6,57.165,39.0,30,25
"2024-11-30 [00:30, 00:45)",London,8.4,81,11.9,12.95,20.72,325.6,57.165,39.0,30,25
"2024-11-30 [00:45, 01:00)",London,8.2,81,11.9,12.95,20.72,325.6,57.165,39.0,30,25
"2024-11-30 [01:15, 01:30)",London,8.0,87,11.9,12.95,20.72,325.6,57.165,39.0,30,25
"2024-11-30 [01:30, 01:45)",London,8.3,87,11.9,12.95,20.72,325.6,57.165,39.0,30,25
"2024-11-30 [01:45, 02:00)",London,9.3,81,11.9,12.95,20.72,325.6,57.165,39.0,30,25
"2024-11-30 [02:00, 02:15)",London,9.3,81,9.7,12.025,16.095,312.65,40.515,45.0,30,25
"2024-11-30 [02:15, 02:30)",London,9.0,81,9.7,12.025,16.095,312.65,40.515,45.0,30,25
"2024-11-30 [02:30, 02:45)",London,9.1,81,9.7,12.025,16.095,312.65,40.515,45.0,30,25
"2024-11-30 [03:00, 03:15)",London,9.2,87,9.7,12.025,15.91,308.95,39.22,43.0,30,25
"2024-11-30 [02:45, 03:00)",London,9.2,87,9.7,12.025,16.095,312.65,40.515,45.0,30,25
"2024-11-30 [03:15, 03:30)",London,10.3,82,9.7,12.025,15.91,308.95,39.22,43.0,31,25
"2024-11-30 [03:30, 03:45)",London,10.3,82,9.7,12.025,15.91,308.95,39.22,43.0,31,25
"2024-11-30 [03:45, 04:00)",London,10.2,87,9.7,12.025,15.91,308.95,39.22,43.0,31,25
"2024-11-30 [04:00, 04:15)",London,10.0,94,9.0,12.025,16.28,307.1,31.82,40.0,31,25
"2024-11-30 [04:30, 04:45)",London,10.0,94,9.0,12.025,16.28,307.1,31.82,40.0,31,25
"2024-11-30 [04:45, 05:00)",London,10.2,94,9.0,12.025,16.28,307.1,31.82,40.0,32,25
"2024-11-30 [05:00, 05:15)",London,10.0,94,8.3,12.58,17.205,305.25,30.71,39.0,32,25
"2024-11-30 [05:15, 05:30)",London,10.1,94,8.3,12.58,17.205,305.25,30.71,39.0,32,25
"2024-11-30 [05:30, 05:45)",London,10.3,100,8.3,12.58,17.205,305.25,30.71,39.0,32,25
"2024-11-30 [06:00, 06:15)",London,10.2,100,8.3,15.54,20.35,308.95,35.15,39.0,32,25
"2024-11-30 [06:15, 06:30)",London,11.2,94,8.6,15.54,20.35,308.95,35.15,39.0,32,26
"2024-11-30 [06:45, 07:00)",London,11.3,94,8.6,15.54,20.35,308.95,35.15,39.0,32,26
"2024-11-30 [07:00, 07:15)",London,11.3,94,9.7,17.945,24.975,331.15,49.21,26.0,32,26
"2024-11-30 [07:30, 07:45)",London,11.1,94,9.7,17.945,24.975,331.15,49.21,26.0,32,26
"2024-11-30 [07:15, 07:30)",London,11.3,100,9.7,17.945,24.975,331.15,49.21,26.0,32,26
"2024-11-30 [07:45, 08:00)",London,11.0,100,9.7,17.945,24.975,331.15,49.21,26.0,33,26
"2024-11-30 [08:00, 08:15)",London,11.2,100,9.0,19.24,28.86,371.85,71.595,22.0,33,26
"2024-11-30 [08:15, 08:30)",London,12.0,94,9.0,19.24,28.86,371.85,71.595,22.0,34,26
"2024-11-30 [08:45, 09:00)",London,12.4,94,9.0,19.24,28.86,371.85,71.595,22.0,36,27
"2024-11-30 [09:00, 09:15)",London,12.3,94,7.9,19.055,23.865,405.15,69.56,24.0,36,26
"2024-11-30 [09:15, 09:30)",London,12.3,94,7.9,19.055,23.865,405.15,69.56,24.0,36,26
"2024-11-30 [09:30, 09:45)",London,12.4,100,7.9,19.055,23.865,405.15,69.56,24.0,35,26
"2024-11-30 [09:45, 10:00)",London,10.2,100,7.9,19.055,23.865,405.15,69.56,24.0,35,26
"2024-11-30 [10:00, 10:15)",London,12.3,100,7.6,20.535,25.9,418.1,74.555,21.0,35,26
"2024-11-30 [10:15, 10:30)",London,12.4,100,7.6,20.535,25.9,418.1,74.555,21.0,35,26
"2024-11-30 [10:30, 10:45)",London,13.4,94,7.6,20.535,25.9,418.1,74.555,21.0,35,26
"2024-11-30 [10:45, 11:00)",London,13.4,94,7.6,20.535,25.9,418.1,74.555,21.0,35,26
"2024-11-30 [11:15, 11:30)",London,13.2,94,8.6,18.13,26.085,340.4,59.57,26.0,35,26
"2024-11-30 [11:30, 11:45)",London,14.1,88,8.6,18.13,26.085,340.4,59.57,26.0,35,26
"2024-11-30 [12:00, 12:15)",London,14.1,88,9.7,15.54,27.38,336.7,57.535,33.0,36,26
"2024-11-30 [12:30, 12:45)",London,14.3,88,9.7,15.54,27.38,336.7,57.535,33.0,36,26
"2024-11-30 [12:45, 13:00)",London,14.4,88,9.7,15.54,27.38,336.7,57.535,33.0,36,26
"2024-11-30 [13:15, 13:30)",London,14.4,88,10.8,15.54,27.01,323.75,57.72,35.0,36,26
"2024-11-30 [13:30, 13:45)",London,14.4,88,10.8,15.54,27.01,323.75,57.72,35.0,37,26
"2024-11-30 [13:45, 14:00)",London,14.1,88,10.8,15.54,27.01,323.75,57.72,35.0,37,26
"2024-11-30 [14:15, 14:30)",London,15.3,82,12.6,14.8,24.975,325.6,59.94,34.0,37,26
"2024-11-30 [14:45, 15:00)",London,15.3,82,12.6,14.8,24.975,325.6,59.94,34.0,38,26
"2024-11-30 [15:00, 15:15)",London,15.3,82,12.2,14.985,23.68,334.85,62.715,30.0,38,26
"2024-11-30 [15:15, 15:30)",London,14.2,88,12.2,14.985,23.68,334.85,62.715,30.0,38,26
"2024-11-30 [15:30, 15:45)",London,14.0,82,12.2,14.985,23.68,334.85,62.715,30.0,38,26
"2024-11-30 [15:45, 16:00)",London,14.0,82,12.2,14.985,23.68,334.85,62.715,30.0,38,26
"2024-11-30 [16:00, 16:15)",London,14.2,82,11.2,15.91,24.42,336.7,66.785,18.0,38,26
"2024-11-30 [16:15, 16:30)",London,14.4,82,11.2,15.91,24.42,336.7,66.785,18.0,38,26
"2024-11-30 [16:30, 16:45)",London,14.3,82,11.2,15.91,24.42,336.7,66.785,18.0,38,26
"2024-11-30 [16:45, 17:00)",London,14.3,82,11.2,15.91,24.42,336.7,66.785,18.0,38,26
"2024-11-30 [17:00, 17:15)",London,14.1,82,11.5,17.205,25.715,342.25,62.715,18.0,38,26
"2024-11-30 [17:15, 17:30)",London,14.1,82,11.5,17.205,25.715,342.25,62.715,18.0,38,26
"2024-11-30 [17:30, 17:45)",London,13.0,94,11.5,17.205,25.715,342.25,62.715,18.0,38,26
"2024-11-30 [18:00, 18:15)",London,13.3,94,12.2,17.76,25.345,342.25,62.16,19.0,38,26
"2024-11-30 [17:45, 18:00)",London,13.3,94,11.5,17.205,25.715,342.25,62.715,18.0,38,26
"2024-11-30 [18:30, 18:45)",London,13.1,94,12.2,17.76,25.345,342.25,62.16,19.0,39,26
"2024-11-30 [18:15, 18:30)",London,13.1,94,12.2,17.76,25.345,342.25,62.16,19.0,38,26
"2024-11-30 [18:45, 19:00)",London,13.2,94,12.2,17.76,25.345,342.25,62.16,19.0,39,26
"2024-11-30 [19:15, 19:30)",London,13.3,94,12.2,17.205,24.05,325.6,59.015,24.0,39,26
"2024-11-30 [19:30, 19:45)",London,13.0,94,12.2,17.205,24.05,325.6,59.015,24.0,39,26
"2024-11-30 [19:45, 20:00)",London,13.1,94,12.2,17.205,24.05,325.6,59.015,24.0,39,26
"2024-11-30 [20:15, 20:30)",London,13.1,94,12.6,15.91,22.015,310.8,56.61,27.0,40,26
"2024-11-30 [20:00, 20:15)",London,13.1,94,12.6,15.91,22.015,310.8,56.61,27.0,39,26
"2024-11-30 [20:30, 20:45)",London,13.4,94,12.6,15.91,22.015,310.8,56.61,27.0,40,26
"2024-11-30 [20:45, 21:00)",London,12.2,94,12.6,15.91,22.015,310.8,56.61,27.0,40,26
"2024-11-30 [21:15, 21:30)",London,13.1,94,12.6,14.8,20.72,296.0,49.395,31.0,40,26
"2024-11-30 [21:30, 21:45)",London,13.1,94,12.6,14.8,20.72,296.0,49.395,31.0,39,26
"2024-11-30 [21:45, 22:00)",London,12.1,94,12.6,14.8,20.72,296.0,49.395,31.0,39,26
"2024-11-30 [22:15, 22:30)",London,12.1,94,14.0,13.875,18.685,288.6,45.325,32.0,39,26
"2024-11-30 [22:30, 22:45)",London,12.1,94,14.0,13.875,18.685,288.6,45.325,32.0,39,26
"2024-11-30 [22:45, 23:00)",London,11.1,94,14.0,13.875,18.685,288.6,45.325,32.0,39,26
"2024-11-30 [23:00, 23:15)",London,11.1,94,13.3,13.135,18.13,288.6,38.48,39.0,39,26
"2024-11-30 [23:15, 23:30)",London,11.3,94,13.3,13.135,18.13,288.6,38.48,39.0,39,26
"2024-11-30 [23:30, 23:45)",London,11.4,94,13.3,13.135,18.13,288.6,38.48,39.0,39,26
"2024-11-30 [23:45, 00:00)",London,11.3,94,13.3,13.135,18.13,288.6,38.48,39.0,39,26
"2024-12-01 [00:00, 00:15)",London,11.3,94,13.3,11.47,17.02,286.75,28.86,48.0,39,26
"2024-12-01 [00:30, 00:45)",London,11.4,94,14.8,11.47,17.02,286.75,28.86,48.0,38,26
"2024-12-01 [01:00, 01:15)",London,11.4,94,14.8,11.47,17.02,286.75,28.86,48.0,38,26
"2024-12-01 [01:15, 01:30)",London,12.2,94,14.8,11.47,17.02,286.75,28.86,48.0,38,26
"2024-12-01 [01:30, 01:45)",London,12.4,94,14.8,11.47,17.02,286.75,28.86,48.0,39,26
"2024-12-01 [01:45, 02:00)",London,12.4,88,14.8,11.47,17.02,286.75,28.86,48.0,39,26
"2024-12-01 [02:00, 02:15)",London,12.3,88,15.5,11.655,16.835,290.45,26.27,46.0,39,26
"2024-12-01 [02:15, 02:30)",London,12.3,88,15.5,11.655,16.835,290.45,26.27,46.0,39,26
"2024-12-01 [02:45, 03:00)",London,11.1,94,15.5,11.655,16.835,290.45,26.27,46.0,39,26
"2024-12-01 [03:00, 03:15)",London,11.2,94,17.6,12.21,16.465,281.2,23.495,48.0,40,26
"2024-12-01 [03:15, 03:30)",London,11.3,94,17.6,12.21,16.465,281.2,23.495,48.0,40,26
"2024-12-01 [03:30, 03:45)",London,11.1,94,17.6,12.21,16.465,281.2,23.495,48.0,40,26
"2024-12-01 [03:45, 04:00)",London,11.0,94,17.6,12.21,16.465,281.2,23.495,48.0,40,26
"2024-12-01 [04:00, 04:15)",London,11.2,94,18.7,12.21,16.28,270.1,19.61,54.0,40,26
"2024-12-01 [04:15, 04:30)",London,11.2,94,18.7,12.21,16.28,270.1,19.61,54.0,39,26
"2024-12-01 [04:30, 04:45)",London,11.1,94,18.7,12.21,16.28,270.1,19.61,54.0,39,26
"2024-12-01 [04:45, 05:00)",London,11.1,94,18.7,12.21,16.28,270.1,19.61,54.0,39,26
"2024-12-01 [05:00, 05:15)",London,11.0,94,19.1,9.99,15.54,270.1,17.575,59.0,39,26
"2024-12-01 [05:15, 05:30)",London,11.4,94,19.1,9.99,15.54,270.1,17.575,59.0,39,26
"2024-12-01 [05:30, 05:45)",London,11.2,94,19.1,9.99,15.54,270.1,17.575,59.0,39,25
"2024-12-01 [05:45, 06:00)",London,11.0,94,19.1,9.99,15.54,270.1,17.575,59.0,39,25
"2024-12-01 [06:00, 06:15)",London,11.2,94,19.4,10.915,15.355,275.65,22.385,56.0,39,25
"2024-12-01 [06:15, 06:30)",London,11.0,94,19.4,10.915,15.355,275.65,22.385,56.0,39,25
"2024-12-01 [06:30, 06:45)",London,11.2,94,19.4,10.915,15.355,275.65,22.385,56.0,39,25
"2024-12-01 [06:45, 07:00)",London,12.4,88,19.4,10.915,15.355,275.65,22.385,56.0,39,25
"2024-12-01 [07:00, 07:15)",London,12.1,88,20.5,12.21,15.54,292.3,32.93,47.0,39,25
"2024-12-01 [07:15, 07:30)",London,12.1,94,20.5,12.21,15.54,292.3,32.93,47.0,39,25
"2024-12-01 [07:30, 07:45)",London,12.3,94,20.5,12.21,15.54,292.3,32.93,47.0,39,25
"2024-12-01 [07:45, 08:00)",London,12.0,94,20.5,12.21,15.54,292.3,32.93,47.0,39,25
"2024-12-01 [08:15, 08:30)",London,12.3,94,20.5,12.21,16.28,316.35,42.18,44.0,39,25
"2024-12-01 [08:30, 08:45)",London,12.3,94,20.5,12.21,16.28,316.35,42.18,44.0,39,25
"2024-12-01 [08:45, 09:00)",London,12.3,94,20.5,12.21,16.28,316.35,42.18,44.0,39,25
"2024-12-01 [09:00, 09:15)",London,12.2,94,18.7,13.135,16.835,308.95,45.88,43.0,39,25
"2024-12-01 [09:15, 09:30)",London,13.2,88,18.7,13.135,16.835,308.95,45.88,43.0,39,25
"2024-12-01 [09:30, 09:45)",London,13.2,88,18.7,13.135,16.835,308.95,45.88,43.0,39,25
"2024-12-01 [09:45, 10:00)",London,13.1,88,18.7,13.135,16.835,308.95,45.88,43.0,39,25
"2024-12-01 [10:15, 10:30)",London,13.2,88,18.7,11.655,18.87,294.15,46.805,45.0,39,25
"2024-12-01 [10:00, 10:15)",London,13.2,88,18.7,11.655,18.87,294.15,46.805,45.0,39,25
"2024-12-01 [10:30, 10:45)",London,12.3,94,15.1,11.47,17.02,286.75,28.86,48.0,39,25
"2024-12-01 [11:00, 11:15)",London,12.4,94,16.9,14.245,20.72,297.85,42.92,45.0,40,25
"2024-12-01 [10:45, 11:00)",London,12.3,94,18.7,11.655,18.87,294.15,46.805,45.0,39,25
"2024-12-01 [11:15, 11:30)",London,12.2,94,16.9,14.245,20.72,297.85,42.92,45.0,40,25
"2024-12-01 [11:45, 12:00)",London,12.0,94,16.2,14.245,16.835,305.25,34.78,41.0,41,26
"2024-12-01 [12:00, 12:15)",London,12.2,94,14.4,12.95,18.315,299.7,32.005,42.0,41,26
"2024-12-01 [12:15, 12:30)",London,12.0,100,14.4,12.95,18.315,299.7,32.005,42.0,41,26
"2024-12-01 [12:30, 12:45)",London,12.1,100,14.4,12.95,18.315,299.7,32.005,42.0,41,26
"2024-12-01 [12:45, 13:00)",London,12.3,100,14.4,12.95,18.315,299.7,32.005,42.0,42,26
"2024-12-01 [13:00, 13:15)",London,12.4,100,14.4,12.395,21.83,292.3,31.08,42.0,42,26
"2024-12-01 [13:15, 13:30)",London,12.4,100,14.4,12.395,21.83,292.3,31.08,42.0,43,26
"2024-12-01 [13:30, 13:45)",London,12.4,100,14.4,12.395,21.83,292.3,31.08,42.0,42,25
"2024-12-01 [13:45, 14:00)",London,12.2,100,14.4,12.395,21.83,292.3,31.08,42.0,43,25
"2024-12-01 [14:00, 14:15)",London,12.4,100,14.8,11.655,15.355,284.9,32.19,44.0,44,24
"2024-12-01 [14:15, 14:30)",London,12.4,100,14.8,11.655,15.355,284.9,32.19,44.0,44,24
"2024-12-01 [14:30, 14:45)",London,13.3,94,14.8,11.655,15.355,284.9,32.19,44.0,45,24
"2024-12-01 [14:45, 15:00)",London,13.1,100,14.8,11.655,15.355,284.9,32.19,44.0,45,24
"2024-12-01 [15:00, 15:15)",London,13.1,100,14.4,9.25,11.47,273.8,34.225,41.0,46,24
"2024-12-01 [15:15, 15:30)",London,13.1,100,14.4,9.25,11.47,273.8,34.225,41.0,46,24
"2024-12-01 [15:45, 16:00)",London,13.2,100,14.4,9.25,11.47,273.8,34.225,41.0,46,23
"2024-12-01 [16:00, 16:15)",London,13.2,100,15.1,8.695,12.395,279.35,38.85,38.0,45,23
"2024-12-01 [16:15, 16:30)",London,13.2,88,15.1,8.695,12.395,279.35,38.85,38.0,44,23
"2024-12-01 [16:30, 16:45)",London,12.2,88,15.1,8.695,12.395,279.35,38.85,38.0,44,23
"2024-12-01 [16:45, 17:00)",London,12.2,88,15.1,8.695,12.395,279.35,38.85,38.0,43,23
"2024-12-01 [17:00, 17:15)",London,12.2,88,16.2,9.805,12.765,275.65,49.58,36.0,44,24
"2024-12-01 [17:15, 17:30)",London,12.1,88,16.2,9.805,12.765,275.65,49.58,36.0,45,24
"2024-12-01 [17:30, 17:45)",London,12.4,94,16.2,9.805,12.765,275.65,49.58,36.0,46,24
"2024-12-01 [18:00, 18:15)",London,12.1,94,15.8,12.025,14.8,284.9,54.945,37.0,47,24
"2024-12-01 [17:45, 18:00)",London,12.1,94,16.2,9.805,12.765,275.65,49.58,36.0,46,24
"2024-12-01 [18:30, 18:45)",London,12.0,94,15.8,12.025,14.8,284.9,54.945,37.0,48,24
"2024-12-01 [19:15, 19:30)",London,12.0,94,16.2,11.47,17.945,283.05,52.91,49.0,46,24
"2024-12-01 [19:00, 19:15)",London,12.0,94,16.2,11.47,17.945,283.05,52.91,49.0,47,24
"2024-12-01 [19:30, 19:45)",London,12.4,94,16.2,11.47,17.945,283.05,52.91,49.0,46,24
"2024-12-01 [20:00, 20:15)",London,12.4,94,16.6,10.73,17.02,277.5,41.255,53.0,46,24
"2024-12-01 [20:15, 20:30)",London,12.4,94,16.6,10.73,17.02,277.5,41.255,53.0,46,25
"2024-12-01 [20:30, 20:45)",London,13.1,88,16.6,10.73,17.02,277.5,41.255,53.0,46,25
"2024-12-01 [20:45, 21:00)",London,13.3,88,16.6,10.73,17.02,277.5,41.255,53.0,46,25
"2024-12-01 [21:30, 21:45)",London,12.4,88,18.4,9.805,17.575,279.35,34.225,54.0,46,25
"2024-12-01 [21:15, 21:30)",London,12.4,88,18.4,9.805,17.575,279.35,34.225,54.0,46,25
"2024-12-01 [21:45, 22:00)",London,12.2,88,18.4,9.805,17.575,279.35,34.225,54.0,46,25
"2024-12-01 [22:00, 22:15)",London,12.2,88,16.6,9.62,17.76,277.5,30.525,54.0,46,25
"2024-12-01 [22:15, 22:30)",London,12.0,88,16.6,9.62,17.76,277.5,30.525,54.0,45,25
"2024-12-01 [22:30, 22:45)",London,12.2,88,16.6,9.62,17.76,277.5,30.525,54.0,45,25
"2024-12-01 [22:45, 23:00)",London,12.3,88,16.6,9.62,17.76,277.5,30.525,54.0,45,25
"2024-12-01 [23:15, 23:30)",London,12.3,94,15.1,9.065,17.02,270.1,27.195,57.0,45,25
"2024-12-01 [23:30, 23:45)",London,12.3,88,15.1,9.065,17.02,270.1,27.195,57.0,45,25
"2024-12-02 [00:00, 00:15)",London,12.1,88,15.1,7.215,13.135,262.7,20.72,56.0,45,25
"2024-12-02 [00:30, 00:45)",London,12.3,88,15.1,7.215,13.135,262.7,20.72,56.0,45,25
"2024-12-02 [00:15, 00:30)",London,12.3,88,15.1,7.215,13.135,262.7,20.72,56.0,45,25
"2024-12-02 [00:45, 01:00)",London,12.3,88,15.1,7.215,13.135,262.7,20.72,56.0,45,25
"2024-12-02 [01:15, 01:30)",London,11.3,94,15.1,7.215,13.135,262.7,20.72,56.0,44,25
"2024-12-02 [01:30, 01:45)",London,11.2,94,15.1,7.215,13.135,262.7,20.72,56.0,44,25
"2024-12-02 [01:45, 02:00)",London,11.0,87,15.1,7.215,13.135,262.7,20.72,56.0,44,25
"2024-12-02 [02:00, 02:15)",London,11.1,87,16.2,6.66,12.95,262.7,14.8,57.0,43,25
"2024-12-02 [02:15, 02:30)",London,11.3,87,16.2,6.66,12.95,262.7,14.8,57.0,43,25
"2024-12-02 [03:00, 03:15)",London,12.2,82,16.9,6.66,13.32,264.55,12.21,57.0,43,25
"2024-12-02 [03:15, 03:30)",London,11.4,87,16.9,6.66,13.32,264.55,12.21,57.0,43,25
"2024-12-02 [03:30, 03:45)",London,11.4,87,16.9,6.66,13.32,264.55,12.21,57.0,43,25
"2024-12-02 [03:45, 04:00)",London,11.3,82,16.9,6.66,13.32,264.55,12.21,57.0,42,25
"2024-12-02 [04:00, 04:15)",London,11.1,82,18.4,6.475,14.06,266.4,15.54,56.0,42,25
"2024-12-02 [04:15, 04:30)",London,11.4,82,18.4,6.475,14.06,266.4,15.54,56.0,42,25
"2024-12-02 [04:30, 04:45)",London,11.2,82,18.4,6.475,14.06,266.4,15.54,56.0,42,25
"2024-12-02 [04:45, 05:00)",London,11.1,82,18.4,6.475,14.06,266.4,15.54,56.0,42,25
"2024-12-02 [05:00, 05:15)",London,11.2,82,19.1,6.29,12.765,268.25,16.095,54.0,42,25
"2024-12-02 [05:30, 05:45)",London,10.0,87,19.1,6.29,12.765,268.25,16.095,54.0,42,25
"2024-12-02 [05:45, 06:00)",London,10.0,87,19.1,6.29,12.765,268.25,16.095,54.0,42,25
"2024-12-02 [06:00, 06:15)",London,10.1,87,18.7,7.4,11.84,273.8,18.13,50.0,41,25
"2024-12-02 [06:30, 06:45)",London,9.1,87,17.3,7.4,11.84,273.8,18.13,50.0,41,25
"2024-12-02 [06:45, 07:00)",London,9.0,87,17.3,7.4,11.84,273.8,18.13,50.0,41,25
"2024-12-02 [07:15, 07:30)",London,9.0,87,16.2,7.77,13.875,290.45,28.305,47.0,41,25
"2024-12-02 [07:30, 07:45)",London,9.1,87,16.2,7.77,13.875,290.45,28.305,47.0,40,25
"2024-12-02 [07:45, 08:00)",London,9.1,87,16.2,7.77,13.875,290.45,28.305,47.0,40,25
"2024-12-02 [08:00, 08:15)",London,9.4,87,15.8,7.585,14.43,312.65,43.475,38.0,40,25
"2024-12-02 [08:15, 08:30)",London,8.4,93,15.8,7.585,14.43,312.65,43.475,38.0,40,25
"2024-12-02 [08:30, 08:45)",London,8.4,93,15.8,7.585,14.43,312.65,43.475,38.0,40,25
"2024-12-02 [08:45, 09:00)",London,8.3,93,15.8,7.585,14.43,312.65,43.475,38.0,39,25
"2024-12-02 [09:15, 09:30)",London,8.1,93,15.5,7.03,12.95,310.8,49.395,39.0,39,25
"2024-12-02 [09:00, 09:15)",London,8.1,93,15.5,7.03,12.95,310.8,49.395,39.0,39,25
"2024-12-02 [09:30, 09:45)",London,9.4,87,15.5,7.03,12.95,310.8,49.395,39.0,39,25
"2024-12-02 [09:45, 10:00)",London,9.2,87,15.5,7.03,12.95,310.8,49.395,39.0,39,25
"2024-12-02 [10:00, 10:15)",London,9.4,87,15.1,6.29,12.58,316.35,48.84,42.0,39,25
"2024-12-02 [10:15, 10:30)",London,9.2,87,15.1,6.29,12.58,316.35,48.84,42.0,38,26
"2024-12-02 [10:30, 10:45)",London,10.2,82,15.1,6.29,12.58,316.35,48.84,42.0,38,26
"2024-12-02 [10:45, 11:00)",London,10.3,82,15.1,6.29,12.58,316.35,48.84,42.0,38,26
"2024-12-02 [11:00, 11:15)",London,10.1,82,16.6,6.105,12.395,325.6,44.03,41.0,38,26
"2024-12-02 [11:30, 11:45)",London,10.3,82,16.6,6.105,12.395,325.6,44.03,41.0,34,24
"2024-12-02 [12:00, 12:15)",London,11.2,71,18.4,4.07,9.065,301.55,23.68,61.0,34,23
"2024-12-02 [12:15, 12:30)",London,10.4,76,18.4,4.07,9.065,301.55,23.68,61.0,33,23
"2024-12-02 [12:30, 12:45)",London,10.3,76,18.4,4.07,9.065,301.55,23.68,61.0,33,23
"2024-12-02 [13:00, 13:15)",London,10.2,76,19.4,4.44,8.325,294.15,21.46,64.0,33,22
"2024-12-02 [13:15, 13:30)",London,10.4,76,19.4,4.44,8.325,294.15,21.46,64.0,33,22
"2024-12-02 [13:30, 13:45)",London,10.3,76,19.4,4.44,8.325,294.15,21.46,64.0,34,23
"2024-12-02 [13:45, 14:00)",London,10.3,76,19.4,4.44,8.325,294.15,21.46,64.0,35,23
"2024-12-02 [14:00, 14:15)",London,10.0,76,20.5,4.995,8.325,296.0,24.975,62.0,35,23
"2024-12-02 [14:15, 14:30)",London,10.3,71,20.5,4.995,8.325,296.0,24.975,62.0,36,24
"2024-12-02 [14:30, 14:45)",London,10.4,71,20.5,4.995,8.325,296.0,24.975,62.0,36,24
"2024-12-02 [14:45, 15:00)",London,10.1,71,20.5,4.995,8.325,296.0,24.975,62.0,36,24
"2024-12-02 [15:00, 15:15)",London,10.3,71,20.2,5.18,8.325,299.7,28.12,61.0,37,24
"2024-12-02 [15:15, 15:30)",London,10.1,71,20.2,5.18,8.325,299.7,28.12,61.0,37,24
"2024-12-02 [15:30, 15:45)",London,9.2,71,20.2,5.18,8.325,299.7,28.12,61.0,37,24
"2024-12-02 [15:45, 16:00)",London,9.4,71,20.2,5.18,8.325,299.7,28.12,61.0,37,24
"2024-12-02 [16:00, 16:15)",London,8.2,76,19.8,6.105,11.47,320.05,32.005,48.0,36,24
"2024-12-02 [16:15, 16:30)",London,9.4,71,19.8,6.105,11.47,320.05,32.005,48.0,33,23
"2024-12-02 [16:30, 16:45)",London,9.2,71,19.8,6.105,11.47,320.05,32.005,48.0,33,24
"2024-12-02 [16:45, 17:00)",London,9.0,71,19.8,6.105,11.47,320.05,32.005,48.0,35,24
"2024-12-02 [17:00, 17:15)",London,9.3,71,18.4,7.4,12.58,316.35,35.335,45.0,36,24
"2024-12-02 [17:45, 18:00)",London,9.2,71,17.6,7.4,12.58,316.35,35.335,45.0,36,24
"2024-12-02 [18:00, 18:15)",London,9.1,71,16.6,8.14,15.355,327.45,41.81,49.0,36,24
"2024-12-02 [18:30, 18:45)",London,8.4,81,16.6,8.14,15.355,327.45,41.81,49.0,36,24
"2024-12-02 [18:15, 18:30)",London,8.4,81,16.6,8.14,15.355,327.45,41.81,49.0,36,24
"2024-12-02 [18:45, 19:00)",London,8.0,81,16.6,8.14,15.355,327.45,41.81,49.0,36,24
"2024-12-02 [19:00, 19:15)",London,8.4,81,15.8,9.435,17.205,331.15,34.225,49.0,36,24
"2024-12-02 [19:15, 19:30)",London,8.4,81,15.8,9.435,17.205,331.15,34.225,49.0,36,24
"2024-12-02 [19:30, 19:45)",London,8.3,81,15.8,9.435,17.205,331.15,34.225,49.0,36,25
"2024-12-02 [19:45, 20:00)",London,8.3,81,15.8,9.435,17.205,331.15,34.225,49.0,36,25
"2024-12-02 [20:15, 20:30)",London,8.2,87,16.2,10.175,16.65,329.3,31.635,48.0,36,25
"2024-12-02 [20:30, 20:45)",London,8.2,87,16.2,10.175,16.65,329.3,31.635,48.0,36,25
"2024-12-02 [20:45, 21:00)",London,8.1,87,16.2,10.175,16.65,329.3,31.635,48.0,36,24
"2024-12-02 [21:15, 21:30)",London,8.2,87,16.9,11.655,18.13,336.7,39.405,46.0,35,24
"2024-12-02 [21:45, 22:00)",London,7.1,100,16.9,11.655,18.13,336.7,39.405,46.0,35,24
"2024-12-02 [22:15, 22:30)",London,7.1,93,16.9,12.765,21.09,345.95,40.7,43.0,35,25
"2024-12-02 [23:00, 23:15)",London,7.1,87,15.8,12.395,21.46,338.55,33.115,45.0,36,25
"2024-12-02 [23:15, 23:30)",London,7.1,87,15.8,12.395,21.46,338.55,33.115,45.0,37,25
"2024-12-02 [23:30, 23:45)",London,6.3,93,15.8,12.395,21.46,338.55,33.115,45.0,36,25
"2024-12-03 [00:00, 00:15)",London,6.3,87,14.4,13.875,23.495,344.1,27.38,39.0,36,25
"2024-12-03 [00:15, 00:30)",London,5.3,93,12.2,13.875,23.495,344.1,27.38,39.0,36,25
"2024-12-03 [00:45, 01:00)",London,5.3,93,12.2,13.875,23.495,344.1,27.38,39.0,35,25
"2024-12-03 [01:15, 01:30)",London,4.2,100,12.2,13.875,23.495,344.1,27.38,39.0,35,25
"2024-12-03 [01:00, 01:15)",London,4.2,100,12.2,13.875,23.495,344.1,27.38,39.0,35,25
"2024-12-03 [01:30, 01:45)",London,4.2,100,12.2,13.875,23.495,344.1,27.38,39.0,35,25
"2024-12-03 [01:45, 02:00)",London,6.2,87,12.2,13.875,23.495,344.1,27.38,39.0,35,25
"2024-12-03 [02:15, 02:30)",London,6.1,87,11.5,14.8,24.79,344.1,27.38,36.0,35,25
"2024-12-03 [02:30, 02:45)",London,6.3,87,11.5,14.8,24.79,344.1,27.38,36.0,35,25
"2024-12-03 [02:45, 03:00)",London,6.1,81,11.5,14.8,24.79,344.1,27.38,36.0,34,25
"2024-12-03 [03:00, 03:15)",London,6.1,81,10.4,15.725,24.975,349.65,27.195,35.0,34,25
"2024-12-03 [03:15, 03:30)",London,6.4,87,10.4,15.725,24.975,349.65,27.195,35.0,34,25
"2024-12-03 [03:30, 03:45)",London,6.3,87,10.4,15.725,24.975,349.65,27.195,35.0,34,25
"2024-12-03 [03:45, 04:00)",London,6.1,81,10.4,15.725,24.975,349.65,27.195,35.0,34,25
"2024-12-03 [04:00, 04:15)",London,6.0,81,9.0,15.91,25.715,347.8,26.27,37.0,34,25
"2024-12-03 [04:30, 04:45)",London,6.1,81,9.0,15.91,25.715,347.8,26.27,37.0,33,25
"2024-12-03 [04:45, 05:00)",London,5.2,87,9.0,15.91,25.715,347.8,26.27,37.0,33,25
"2024-12-03 [05:00, 05:15)",London,5.2,87,8.3,15.91,27.01,347.8,28.49,34.0,33,25
"2024-12-03 [05:30, 05:45)",London,5.1,87,8.3,15.91,27.01,347.8,28.49,34.0,33,25
"2024-12-03 [05:45, 06:00)",London,5.0,93,8.3,15.91,27.01,347.8,28.49,34.0,33,25
"2024-12-03 [06:00, 06:15)",London,5.3,93,7.6,16.095,27.935,349.65,37.74,30.0,33,25
"2024-12-03 [06:15, 06:30)",London,5.1,93,7.6,16.095,27.935,349.65,37.74,30.0,33,25
"2024-12-03 [06:30, 06:45)",London,5.3,87,7.6,16.095,27.935,349.65,37.74,30.0,33,25
"2024-12-03 [06:45, 07:00)",London,5.1,87,7.6,16.095,27.935,349.65,37.74,30.0,33,25
"2024-12-03 [07:00, 07:15)",London,5.1,87,6.5,18.13,29.785,370.0,72.705,10.0,34,25
"2024-12-03 [07:15, 07:30)",London,5.3,93,6.5,18.13,29.785,370.0,72.705,10.0,34,25
"2024-12-03 [07:30, 07:45)",London,5.4,87,6.5,18.13,29.785,370.0,72.705,10.0,34,25
"2024-12-03 [08:15, 08:30)",London,5.3,87,3.6,23.31,32.56,416.25,96.015,3.0,34,25
"2024-12-03 [08:45, 09:00)",London,5.2,87,3.6,23.31,32.56,416.25,96.015,3.0,33,25
"2024-12-03 [09:00, 09:15)",London,5.1,87,3.6,25.53,37.925,479.15,98.05,3.0,33,25
"2024-12-03 [09:15, 09:30)",London,5.4,93,3.6,25.53,37.925,479.15,98.05,3.0,33,25
"2024-12-03 [09:30, 09:45)",London,4.3,100,3.6,25.53,37.925,479.15,98.05,3.0,33,25
"2024-12-03 [09:45, 10:00)",London,5.2,93,3.6,25.53,37.925,479.15,98.05,3.0,32,25
"2024-12-03 [10:00, 10:15)",London,5.2,93,4.3,27.565,40.515,493.95,96.385,8.0,30,23
"2024-12-03 [10:30, 10:45)",London,6.3,87,4.3,27.565,40.515,493.95,96.385,8.0,30,22
"2024-12-03 [11:15, 11:30)",London,6.1,87,4.0,24.05,42.735,469.9,89.725,16.0,30,22
"2024-12-03 [11:30, 11:45)",London,8.3,71,4.0,24.05,42.735,469.9,89.725,16.0,30,22
"2024-12-03 [12:15, 12:30)",London,8.1,71,5.4,21.46,38.11,434.75,69.93,25.0,30,21
"2024-12-03 [12:00, 12:15)",London,8.1,71,5.4,21.46,38.11,434.75,69.93,25.0,30,21
"2024-12-03 [12:30, 12:45)",London,8.4,71,5.4,21.46,38.11,434.75,69.93,25.0,30,21
"2024-12-03 [12:45, 13:00)",London,8.4,71,5.4,21.46,38.11,434.75,69.93,25.0,30,21
"2024-12-03 [13:00, 13:15)",London,8.3,71,4.3,20.35,34.965,432.9,69.745,29.0,31,21
"2024-12-03 [13:15, 13:30)",London,8.0,71,4.3,20.35,34.965,432.9,69.745,29.0,31,21
"2024-12-03 [13:30, 13:45)",London,8.0,71,4.3,20.35,34.965,432.9,69.745,29.0,31,22
"2024-12-03 [14:00, 14:15)",London,8.0,71,4.0,17.76,32.56,447.7,75.295,24.0,32,23
"2024-12-03 [14:15, 14:30)",London,8.1,71,4.0,17.76,32.56,447.7,75.295,24.0,32,24
"2024-12-03 [14:30, 14:45)",London,7.2,76,4.0,17.76,32.56,447.7,75.295,24.0,31,24
"2024-12-03 [14:45, 15:00)",London,7.1,76,4.0,17.76,32.56,447.7,75.295,24.0,31,24
"2024-12-03 [15:00, 15:15)",London,7.3,76,3.6,19.24,35.52,481.0,89.54,18.0,31,24
"2024-12-03 [15:15, 15:30)",London,7.3,76,3.6,19.24,35.52,481.0,89.54,18.0,31,25
"2024-12-03 [15:45, 16:00)",London,7.0,76,3.6,19.24,35.52,481.0,89.54,18.0,30,25
"2024-12-03 [15:30, 15:45)",London,7.0,76,3.6,19.24,35.52,481.0,89.54,18.0,30,25
"2024-12-03 [16:00, 16:15)",London,7.2,76,4.0,24.42,41.81,558.7,104.525,3.0,30,25
"2024-12-03 [16:30, 16:45)",London,5.3,81,4.0,24.42,41.81,558.7,104.525,3.0,31,26
"2024-12-03 [16:45, 17:00)",London,5.3,81,4.0,24.42,41.81,558.7,104.525,3.0,31,26
"2024-12-03 [17:00, 17:15)",London,5.4,81,5.0,31.635,50.135,660.45,118.77,0.0,31,26
"2024-12-03 [17:15, 17:30)",London,5.2,87,5.0,31.635,50.135,660.45,118.77,0.0,31,26
"2024-12-03 [17:30, 17:45)",London,4.0,87,5.0,31.635,50.135,660.45,118.77,0.0,30,26
"2024-12-03 [17:45, 18:00)",London,4.4,87,5.0,31.635,50.135,660.45,118.77,0.0,30,27
"2024-12-03 [18:00, 18:15)",London,4.1,87,4.0,35.705,58.46,701.15,125.8,0.0,30,27
"2024-12-03 [18:15, 18:30)",London,4.1,87,4.0,35.705,58.46,701.15,125.8,0.0,30,27
"2024-12-03 [18:45, 19:00)",London,4.3,93,4.0,35.705,58.46,701.15,125.8,0.0,29,27
"2024-12-03 [19:15, 19:30)",London,4.2,93,4.7,36.075,58.645,699.3,126.725,0.0,29,27
"2024-12-03 [19:30, 19:45)",London,5.4,87,4.7,36.075,58.645,699.3,126.725,0.0,28,27
"2024-12-03 [19:45, 20:00)",London,5.1,87,4.7,36.075,58.645,699.3,126.725,0.0,28,27
"2024-12-03 [20:00, 20:15)",London,5.3,87,4.0,35.52,51.06,662.3,121.545,0.0,29,28
"2024-12-03 [20:15, 20:30)",London,5.4,87,4.0,35.52,51.06,662.3,121.545,0.0,29,28
"2024-12-03 [20:30, 20:45)",London,4.0,93,4.0,35.52,51.06,662.3,121.545,0.0,28,28
"2024-12-03 [20:45, 21:00)",London,4.1,93,4.0,35.52,51.06,662.3,121.545,0.0,28,28
"2024-12-03 [21:00, 21:15)",London,4.3,93,4.7,35.705,51.615,625.3,114.885,1.0,29,28
"2024-12-03 [21:15, 21:30)",London,4.3,93,4.7,35.705,51.615,625.3,114.885,1.0,29,28
"2024-12-03 [21:30, 21:45)",London,4.3,93,4.7,35.705,51.615,625.3,114.885,1.0,28,28
"2024-12-03 [22:00, 22:15)",London,2.1,93,5.4,35.52,52.91,603.1,107.485,1.0,28,28
"2024-12-03 [22:15, 22:30)",London,2.1,93,5.4,35.52,52.91,603.1,107.485,1.0,27,28
"2024-12-03 [22:30, 22:45)",London,2.1,93,5.4,35.52,52.91,603.1,107.485,1.0,27,28
"2024-12-03 [22:45, 23:00)",London,2.2,93,5.4,35.52,52.91,603.1,107.485,1.0,28,28
"2024-12-03 [23:00, 23:15)",London,2.2,93,5.8,34.595,49.95,575.35,93.98,4.0,29,28
"2024-12-03 [23:15, 23:30)",London,2.0,93,5.8,34.595,49.95,575.35,93.98,4.0,29,28
"2024-12-03 [23:45, 00:00)",London,3.3,93,5.8,34.595,49.95,575.35,93.98,4.0,28,28
"2024-12-04 [00:00, 00:15)",London,3.0,93,5.8,23.865,36.63,469.9,70.67,15.0,28,27
"2024-12-04 [00:15, 00:30)",London,2.4,100,5.8,23.865,36.63,469.9,70.67,15.0,27,27
"2024-12-04 [00:30, 00:45)",London,2.4,100,6.8,23.865,36.63,469.9,70.67,15.0,27,27
"2024-12-04 [00:45, 01:00)",London,2.2,100,6.8,23.865,36.63,469.9,70.67,15.0,27,27
"2024-12-04 [01:00, 01:15)",London,2.3,100,6.8,23.865,36.63,469.9,70.67,15.0,28,27
"2024-12-04 [01:15, 01:30)",London,3.2,93,6.8,23.865,36.63,469.9,70.67,15.0,28,27
"2024-12-04 [01:45, 02:00)",London,1.1,93,6.8,23.865,36.63,469.9,70.67,15.0,28,27
"2024-12-04 [02:00, 02:15)",London,1.1,93,6.5,19.055,31.08,419.95,62.715,17.0,28,27
"2024-12-04 [02:15, 02:30)",London,2.0,93,6.5,19.055,31.08,419.95,62.715,17.0,27,27
"2024-12-04 [02:30, 02:45)",London,2.2,93,6.5,19.055,31.08,419.95,62.715,17.0,27,26
"2024-12-04 [02:45, 03:00)",London,2.1,100,6.5,19.055,31.08,419.95,62.715,17.0,27,26
"2024-12-04 [03:00, 03:15)",London,2.4,100,6.1,15.91,26.085,382.95,59.2,19.0,27,26
"2024-12-04 [03:30, 03:45)",London,2.2,100,6.1,15.91,26.085,382.95,59.2,19.0,27,26
"2024-12-04 [03:15, 03:30)",London,2.2,100,6.1,15.91,26.085,382.95,59.2,19.0,27,26
"2024-12-04 [03:45, 04:00)",London,2.3,100,6.1,15.91,26.085,382.95,59.2,19.0,27,26
"2024-12-04 [04:15, 04:30)",London,3.4,100,8.6,15.17,22.385,364.45,55.315,21.0,28,26
"2024-12-04 [04:30, 04:45)",London,3.2,100,8.6,15.17,22.385,364.45,55.315,21.0,28,26
"2024-12-04 [04:45, 05:00)",London,3.3,100,8.6,15.17,22.385,364.45,55.315,21.0,28,26
"2024-12-04 [05:00, 05:15)",London,3.2,100,9.0,13.32,23.495,357.05,50.69,23.0,28,26
"2024-12-04 [05:15, 05:30)",London,3.2,100,9.0,13.32,23.495,357.05,50.69,23.0,28,26
"2024-12-04 [05:30, 05:45)",London,4.0,93,7.6,13.32,23.495,357.05,50.69,23.0,28,26
"2024-12-04 [05:45, 06:00)",London,4.0,93,7.6,13.32,23.495,357.05,50.69,23.0,28,26
"2024-12-04 [06:00, 06:15)",London,4.0,93,9.4,15.17,24.605,370.0,58.83,20.0,28,26
"2024-12-04 [06:15, 06:30)",London,4.4,93,9.4,15.17,24.605,370.0,58.83,20.0,28,26
"2024-12-04 [06:30, 06:45)",London,4.4,93,9.4,15.17,24.605,370.0,58.83,20.0,28,26
"2024-12-04 [06:45, 07:00)",London,4.3,93,9.4,15.17,24.605,370.0,58.83,20.0,28,26
"2024-12-04 [07:15, 07:30)",London,4.4,100,9.4,17.575,27.195,407.0,82.14,4.0,28,26
"2024-12-04 [07:30, 07:45)",London,4.1,100,9.4,17.575,27.195,407.0,82.14,4.0,28,26
"2024-12-04 [08:00, 08:15)",London,4.4,100,10.1,20.535,30.71,466.2,98.05,1.0,29,26
"2024-12-04 [08:15, 08:30)",London,4.4,100,10.1,20.535,30.71,466.2,98.05,1.0,29,27
"2024-12-04 [08:30, 08:45)",London,4.1,93,10.1,20.535,30.71,466.2,98.05,1.0,31,27
"2024-12-04 [09:00, 09:15)",London,4.3,93,8.6,22.755,32.56,545.75,103.23,3.0,30,28
"2024-12-04 [09:15, 09:30)",London,4.3,93,8.6,22.755,32.56,545.75,103.23,3.0,30,27
"2024-12-04 [09:30, 09:45)",London,5.2,93,8.6,22.755,32.56,545.75,103.23,3.0,29,28
"2024-12-04 [09:45, 10:00)",London,5.1,93,8.6,22.755,32.56,545.75,103.23,3.0,28,28
"2024-12-04 [10:00, 10:15)",London,5.4,93,8.3,24.79,31.265,553.15,100.27,6.0,28,28
