city,temperature,humidity,wind_speed,pm2_5,pm10,co,no2,o3,last_updated,timestamp
London,11.1,76,15.5,7.4,18.5,294.15,31.08,61.0,2024-11-25 10:30,10:38:38
London,11.3,76,15.5,7.4,18.5,294.15,31.08,61.0,2024-11-25 10:45,10:48:38
London,11.3,76,15.5,7.4,18.5,294.15,31.08,61.0,2024-11-25 10:45,10:58:39
London,11.3,76,17.6,7.4,17.205,286.75,26.455,64.0,2024-11-25 11:00,11:08:42
London,11.1,76,17.6,7.4,17.205,286.75,26.455,64.0,2024-11-25 11:15,11:18:42
London,11.1,76,17.6,7.4,17.205,286.75,26.455,64.0,2024-11-25 11:15,11:28:43
London,12.0,71,17.6,7.4,17.205,286.75,26.455,64.0,2024-11-25 11:15,11:38:47
London,12.0,71,18.7,8.14,19.795,299.7,29.6,59.0,2024-11-25 11:45,11:48:47
London,12.0,71,18.7,8.14,19.795,299.7,29.6,59.0,2024-11-25 11:45,11:58:47
London,12.3,71,20.9,8.14,17.39,294.15,25.53,63.0,2024-11-25 12:00,12:08:48
London,11.2,71,20.9,8.14,17.39,294.15,25.53,63.0,2024-11-25 12:15,12:18:48
London,11.2,71,20.9,8.14,17.39,294.15,25.53,63.0,2024-11-25 12:15,12:28:48
London,12.3,67,20.9,8.14,17.39,294.15,25.53,63.0,2024-11-25 12:30,12:38:48
London,12.3,67,20.9,8.14,17.39,294.15,25.53,63.0,2024-11-25 12:45,12:48:49
London,12.3,67,20.9,8.14,17.39,294.15,25.53,63.0,2024-11-25 12:45,12:58:52
London,12.1,67,20.9,7.77,15.54,290.45,24.605,65.0,2024-11-25 13:00,13:08:53
London,12.0,62,20.9,7.77,15.54,290.45,24.605,65.0,2024-11-25 13:15,13:18:57
London,12.0,62,20.9,7.77,15.54,290.45,24.605,65.0,2024-11-25 13:15,13:28:57
London,12.2,62,20.9,7.77,15.54,290.45,24.605,65.0,2024-11-25 13:30,13:38:58
London,12.2,62,20.9,7.77,15.54,290.45,24.605,65.0,2024-11-25 13:45,13:48:58
London,12.2,62,20.9,7.77,15.54,290.45,24.605,65.0,2024-11-25 13:45,13:59:06
London,12.1,62,20.9,7.77,15.54,290.45,24.605,65.0,2024-11-25 13:45,14:09:07
London,11.1,62,22.0,7.77,16.835,290.45,24.235,65.0,2024-11-25 14:15,14:19:07
London,11.1,62,22.0,7.77,16.835,290.45,24.235,65.0,2024-11-25 14:15,14:29:07
London,10.2,62,22.0,7.77,16.835,290.45,24.235,65.0,2024-11-25 14:15,14:39:08
London,12.0,58,22.0,7.77,16.835,290.45,24.235,65.0,2024-11-25 14:45,14:49:08
London,12.0,58,21.6,8.14,19.795,290.45,28.86,65.0,2024-11-25 15:00,14:59:08
London,12.2,58,21.6,8.14,19.795,290.45,28.86,65.0,2024-11-25 15:00,15:09:09
London,11.1,58,21.6,8.14,19.795,290.45,28.86,65.0,2024-11-25 15:00,15:19:15
London,11.1,58,21.6,8.14,19.795,290.45,28.86,65.0,2024-11-25 15:15,15:29:15
London,11.3,58,21.6,8.14,19.795,290.45,28.86,65.0,2024-11-25 15:15,15:39:16
London,11.3,58,21.6,8.14,19.795,290.45,28.86,65.0,2024-11-25 15:45,15:49:16
London,11.3,58,21.6,8.14,19.795,290.45,28.86,65.0,2024-11-25 15:45,15:59:16
London,11.1,58,21.6,8.14,19.795,290.45,28.86,65.0,2024-11-25 15:45,16:09:16
London,10.2,62,22.7,8.14,19.055,299.7,38.48,59.0,2024-11-25 16:15,16:19:17
London,10.2,62,22.7,8.14,19.055,299.7,38.48,59.0,2024-11-25 16:15,16:29:18
London,10.0,66,22.7,8.14,19.055,299.7,38.48,59.0,2024-11-25 16:30,16:39:18
London,10.3,66,22.7,8.14,19.055,299.7,38.48,59.0,2024-11-25 16:45,16:49:24
London,10.3,66,16.6,3.33,4.995,242.35,12.395,77.0,2024-11-25 16:45,16:59:24
London,10.3,66,20.2,8.51,18.685,310.8,45.14,54.0,2024-11-25 17:00,17:09:24
London,9.1,71,20.2,8.51,18.685,310.8,45.14,54.0,2024-11-25 17:15,17:19:25
London,9.1,71,20.2,8.51,18.685,310.8,45.14,54.0,2024-11-25 17:15,17:29:25
London,9.3,71,20.2,8.51,18.685,310.8,45.14,54.0,2024-11-25 17:15,17:39:26
London,9.2,71,20.2,8.51,18.685,310.8,45.14,54.0,2024-11-25 17:45,17:49:26
London,9.2,71,19.1,9.25,18.685,325.6,45.51,55.0,2024-11-25 18:00,17:59:26
London,9.0,71,19.1,9.25,18.685,325.6,45.51,55.0,2024-11-25 18:00,18:09:26
London,9.3,71,19.1,9.25,18.685,325.6,45.51,55.0,2024-11-25 18:15,18:19:27
London,9.3,71,19.1,9.25,18.685,325.6,45.51,55.0,2024-11-25 18:15,18:29:27
London,8.1,76,19.1,9.25,18.685,325.6,45.51,55.0,2024-11-25 18:30,18:39:27
London,8.2,76,19.1,9.25,18.685,325.6,45.51,55.0,2024-11-25 18:45,18:49:28
London,8.2,76,19.1,9.25,18.685,325.6,45.51,55.0,2024-11-25 18:45,18:59:28
London,8.3,76,18.7,9.435,19.055,308.95,39.59,59.0,2024-11-25 19:00,19:09:28
London,8.1,76,18.7,9.435,19.055,308.95,39.59,59.0,2024-11-25 19:15,19:19:28
London,8.1,76,18.7,9.435,19.055,308.95,39.59,59.0,2024-11-25 19:15,19:29:29
London,8.2,76,18.7,9.435,19.055,308.95,39.59,59.0,2024-11-25 19:30,19:39:34
London,8.1,76,18.7,9.435,19.055,308.95,39.59,59.0,2024-11-25 19:45,19:49:35
London,8.1,76,18.7,9.435,19.055,308.95,39.59,59.0,2024-11-25 19:45,19:59:36
London,8.3,76,18.7,10.36,21.275,305.25,37.74,58.0,2024-11-25 20:00,20:09:36
London,7.4,76,18.7,10.36,21.275,305.25,37.74,58.0,2024-11-25 20:15,20:19:38
London,7.4,76,18.7,10.36,21.275,305.25,37.74,58.0,2024-11-25 20:15,20:29:39
London,7.2,76,18.7,10.36,21.275,305.25,37.74,58.0,2024-11-25 20:15,20:39:39
London,7.1,76,18.7,10.36,21.275,305.25,37.74,58.0,2024-11-25 20:30,20:49:42
London,7.1,76,18.7,10.36,21.275,305.25,37.74,58.0,2024-11-25 20:45,20:59:43
London,7.3,76,18.4,9.99,21.275,301.55,36.075,59.0,2024-11-25 21:00,21:09:43
London,7.0,76,18.4,9.99,21.275,301.55,36.075,59.0,2024-11-25 21:15,21:19:44
London,7.0,76,18.4,9.99,21.275,301.55,36.075,59.0,2024-11-25 21:15,21:29:46
London,7.4,76,18.4,9.99,21.275,301.55,36.075,59.0,2024-11-25 21:30,21:39:47
London,7.2,76,18.4,9.99,21.275,301.55,36.075,59.0,2024-11-25 21:30,21:49:47
London,7.2,76,18.4,9.99,21.275,301.55,36.075,59.0,2024-11-25 21:45,21:59:47
London,6.1,75,18.0,9.805,20.165,299.7,32.93,59.0,2024-11-25 22:00,22:09:48
London,6.1,75,18.0,9.805,20.165,299.7,32.93,59.0,2024-11-25 22:15,22:19:48
London,6.1,75,18.0,9.805,20.165,299.7,32.93,59.0,2024-11-25 22:15,22:29:48
London,6.2,81,18.0,9.805,20.165,299.7,32.93,59.0,2024-11-25 22:30,22:39:48
London,6.4,81,18.0,9.805,20.165,299.7,32.93,59.0,2024-11-25 22:30,22:49:49
London,6.4,81,18.0,9.805,20.165,299.7,32.93,59.0,2024-11-25 22:45,22:59:53
London,6.2,81,17.6,9.62,17.945,296.0,33.3,59.0,2024-11-25 23:00,23:09:53
London,6.1,81,17.6,9.62,17.945,296.0,33.3,59.0,2024-11-25 23:15,23:19:54
London,6.1,81,17.6,9.62,17.945,296.0,33.3,59.0,2024-11-25 23:15,23:29:54
London,6.1,81,17.6,9.62,17.945,296.0,33.3,59.0,2024-11-25 23:30,23:39:54
London,6.2,81,17.6,9.62,17.945,296.0,33.3,59.0,2024-11-25 23:45,23:49:54
London,6.2,81,15.5,8.88,17.02,279.35,21.275,62.0,2024-11-26 00:00,23:59:55
London,6.0,81,15.5,8.88,17.02,279.35,21.275,62.0,2024-11-26 00:00,00:09:55
London,5.3,87,15.5,8.88,17.02,279.35,21.275,62.0,2024-11-26 00:15,00:19:55
London,5.3,87,15.5,8.88,17.02,279.35,21.275,62.0,2024-11-26 00:15,00:29:56
London,5.2,87,15.5,8.88,17.02,279.35,21.275,62.0,2024-11-26 00:30,00:39:56
London,5.2,87,15.5,8.88,17.02,279.35,21.275,62.0,2024-11-26 00:45,00:49:56
London,5.2,87,15.5,8.88,17.02,279.35,21.275,62.0,2024-11-26 00:45,00:59:56
London,5.2,87,15.5,8.88,17.02,279.35,21.275,62.0,2024-11-26 01:00,01:09:57
London,5.0,87,15.5,8.88,17.02,279.35,21.275,62.0,2024-11-26 01:00,01:19:57
London,5.0,87,15.5,8.88,17.02,279.35,21.275,62.0,2024-11-26 01:15,01:29:57
London,6.2,81,15.5,8.88,17.02,279.35,21.275,62.0,2024-11-26 01:15,01:39:58
London,6.2,81,15.5,8.88,17.02,279.35,21.275,62.0,2024-11-26 01:45,01:49:58
London,6.2,81,15.5,8.88,17.02,279.35,21.275,62.0,2024-11-26 01:45,01:59:58
London,6.0,81,15.1,8.695,16.465,277.5,16.465,65.0,2024-11-26 02:00,02:09:59
London,6.2,87,15.1,8.695,16.465,277.5,16.465,65.0,2024-11-26 02:15,02:19:59
London,6.2,87,15.1,8.695,16.465,277.5,16.465,65.0,2024-11-26 02:15,02:30:03
London,6.2,87,15.1,8.695,16.465,277.5,16.465,65.0,2024-11-26 02:30,02:40:04
London,6.4,81,15.1,8.695,16.465,277.5,16.465,65.0,2024-11-26 02:45,02:50:04
London,6.4,81,15.1,8.695,16.465,277.5,16.465,65.0,2024-11-26 02:45,03:00:08
London,6.3,81,15.1,8.325,16.835,275.65,14.245,65.0,2024-11-26 03:00,03:10:08
London,6.1,87,15.1,8.325,16.835,275.65,14.245,65.0,2024-11-26 03:15,03:20:08
London,6.1,87,15.1,8.325,16.835,275.65,14.245,65.0,2024-11-26 03:15,03:30:09
London,6.2,87,15.1,8.325,16.835,275.65,14.245,65.0,2024-11-26 03:30,03:40:09
London,6.1,87,15.1,8.325,16.835,275.65,14.245,65.0,2024-11-26 03:30,03:50:13
London,6.1,87,15.1,8.325,16.835,275.65,14.245,65.0,2024-11-26 03:45,04:00:13
London,6.3,87,15.8,7.955,17.205,273.8,13.135,65.0,2024-11-26 04:00,04:10:14
London,6.0,87,15.8,7.955,17.205,273.8,13.135,65.0,2024-11-26 04:15,04:20:14
London,6.0,87,15.8,7.955,17.205,273.8,13.135,65.0,2024-11-26 04:15,04:30:14
London,6.2,87,15.8,7.955,17.205,273.8,13.135,65.0,2024-11-26 04:30,04:40:15
London,6.2,87,15.8,7.955,17.205,273.8,13.135,65.0,2024-11-26 04:45,04:50:19
London,6.2,87,15.8,7.955,17.205,273.8,13.135,65.0,2024-11-26 04:45,05:00:19
London,6.1,87,15.8,8.325,17.575,275.65,14.245,63.0,2024-11-26 05:00,05:10:23
London,6.1,87,15.8,8.325,17.575,275.65,14.245,63.0,2024-11-26 05:15,05:20:23
London,6.1,87,15.8,8.325,17.575,275.65,14.245,63.0,2024-11-26 05:15,05:30:24
London,6.1,87,15.8,8.325,17.575,275.65,14.245,63.0,2024-11-26 05:30,05:40:24
London,6.4,87,15.8,8.325,17.575,275.65,14.245,63.0,2024-11-26 05:45,05:50:24
London,6.4,87,13.0,9.435,17.945,281.2,26.27,59.0,2024-11-26 06:00,06:00:35
London,6.1,87,13.0,9.435,17.945,281.2,26.27,59.0,2024-11-26 06:00,06:10:35
London,6.4,87,11.9,9.435,17.945,281.2,26.27,59.0,2024-11-26 06:15,06:20:35
London,6.4,87,11.9,9.435,17.945,281.2,26.27,59.0,2024-11-26 06:15,06:30:35
London,6.2,87,11.9,9.435,17.945,281.2,26.27,59.0,2024-11-26 06:15,06:40:36
London,6.3,87,11.9,9.435,17.945,281.2,26.27,59.0,2024-11-26 06:45,06:50:36
London,6.3,87,11.9,9.435,17.945,281.2,26.27,59.0,2024-11-26 06:45,07:00:36
London,6.0,87,10.1,11.47,19.98,294.15,53.465,40.0,2024-11-26 07:00,07:10:37
London,6.0,81,10.1,11.47,19.98,294.15,53.465,40.0,2024-11-26 07:15,07:20:37
London,6.0,81,10.1,11.47,19.98,294.15,53.465,40.0,2024-11-26 07:15,07:30:37
London,6.0,81,10.1,11.47,19.98,294.15,53.465,40.0,2024-11-26 07:30,07:40:37
London,6.1,81,10.1,11.47,19.98,294.15,53.465,40.0,2024-11-26 07:45,07:50:39
London,6.1,81,9.7,13.875,24.42,333.0,88.615,26.0,2024-11-26 08:00,08:00:43
London,6.2,81,9.7,13.875,24.42,333.0,88.615,26.0,2024-11-26 08:15,08:10:43
London,4.1,87,9.7,13.875,24.42,333.0,88.615,26.0,2024-11-26 08:15,08:20:45
London,4.1,87,9.7,13.875,24.42,333.0,88.615,26.0,2024-11-26 08:15,08:30:45
London,5.2,87,9.7,13.875,24.42,333.0,88.615,26.0,2024-11-26 08:15,08:40:46
London,5.1,87,9.7,13.875,24.42,333.0,88.615,26.0,2024-11-26 08:45,08:50:46
London,5.1,87,9.7,13.875,24.42,333.0,88.615,26.0,2024-11-26 08:45,09:00:53
London,5.4,87,10.8,16.465,28.86,366.3,90.28,28.0,2024-11-26 09:00,09:10:53
London,5.3,87,10.8,16.465,28.86,366.3,90.28,28.0,2024-11-26 09:15,09:20:54
London,5.3,87,10.8,16.465,28.86,366.3,90.28,28.0,2024-11-26 09:30,09:30:54
London,7.1,81,10.8,16.465,28.86,366.3,90.28,28.0,2024-11-26 09:30,09:40:54
London,7.3,81,10.8,16.465,28.86,366.3,90.28,28.0,2024-11-26 09:45,09:50:54
London,7.3,81,12.2,14.06,26.64,345.95,69.745,45.0,2024-11-26 10:00,10:00:55
London,7.2,81,12.2,14.06,26.64,345.95,69.745,45.0,2024-11-26 10:00,10:10:58
London,8.4,76,12.2,14.06,26.64,345.95,69.745,45.0,2024-11-26 10:15,10:20:59
London,8.4,76,12.2,14.06,26.64,345.95,69.745,45.0,2024-11-26 10:30,10:31:05
London,8.4,76,12.2,14.06,26.64,345.95,69.745,45.0,2024-11-26 10:45,10:41:14
London,8.4,76,12.2,14.06,26.64,345.95,69.745,45.0,2024-11-26 10:45,10:51:18
London,8.4,76,12.2,14.06,26.64,345.95,69.745,45.0,2024-11-26 10:45,11:01:18
London,8.1,76,13.0,12.58,23.125,340.4,58.275,50.0,2024-11-26 11:00,11:11:19
London,9.0,71,13.0,12.58,23.125,340.4,58.275,50.0,2024-11-26 11:15,11:21:19
London,9.3,76,13.0,12.58,23.125,340.4,58.275,50.0,2024-11-26 11:30,11:31:23
London,9.3,76,13.0,12.58,23.125,340.4,58.275,50.0,2024-11-26 11:30,11:41:28
London,9.2,76,13.0,13.505,24.235,353.35,64.935,47.0,2024-11-26 11:45,11:51:28
London,9.4,76,12.6,11.84,22.015,347.8,57.165,49.0,2024-11-26 12:00,12:01:28
London,9.4,76,12.6,11.84,22.015,347.8,57.165,49.0,2024-11-26 12:00,12:11:28
London,9.2,71,12.6,11.84,22.015,347.8,57.165,49.0,2024-11-26 12:00,12:21:29
London,10.3,71,12.6,11.84,22.015,347.8,57.165,49.0,2024-11-26 12:30,12:31:35
London,10.3,71,12.6,11.84,22.015,347.8,57.165,49.0,2024-11-26 12:30,12:41:35
London,10.1,71,12.6,11.84,22.015,347.8,57.165,49.0,2024-11-26 12:45,12:51:36
London,10.0,71,13.0,11.655,21.46,340.4,56.61,49.0,2024-11-26 13:00,13:01:36
London,10.0,71,13.0,11.655,21.46,340.4,56.61,49.0,2024-11-26 13:00,13:11:36
London,11.1,66,13.0,11.655,21.46,340.4,56.61,49.0,2024-11-26 13:15,13:21:37
London,11.4,62,13.0,11.655,21.46,340.4,56.61,49.0,2024-11-26 13:30,13:31:43
London,11.4,62,13.0,11.655,21.46,340.4,56.61,49.0,2024-11-26 13:30,13:41:43
London,11.2,62,13.0,11.655,21.46,340.4,56.61,49.0,2024-11-26 13:45,13:51:44
London,11.0,62,11.5,13.505,24.05,342.25,62.715,46.0,2024-11-26 14:00,14:01:44
London,11.0,62,11.5,13.505,24.05,342.25,62.715,46.0,2024-11-26 14:00,14:11:44
London,11.2,62,11.5,13.505,24.05,342.25,62.715,46.0,2024-11-26 14:15,14:21:45
London,11.2,62,11.5,13.505,24.05,342.25,62.715,46.0,2024-11-26 14:30,14:31:45
London,10.3,66,11.5,13.505,24.05,342.25,62.715,46.0,2024-11-26 14:45,14:41:45
London,10.1,66,11.5,13.505,24.05,342.25,62.715,46.0,2024-11-26 14:45,14:51:46
London,10.1,66,11.5,13.505,24.05,342.25,62.715,46.0,2024-11-26 14:45,15:01:46
London,10.1,66,8.3,13.69,23.495,357.05,81.585,38.0,2024-11-26 15:00,15:11:46
London,10.0,66,8.3,13.69,23.495,357.05,81.585,38.0,2024-11-26 15:15,15:21:46
London,10.2,62,8.3,13.69,23.495,357.05,81.585,38.0,2024-11-26 15:30,15:31:47
London,10.2,62,8.3,13.69,23.495,357.05,81.585,38.0,2024-11-26 15:30,15:41:47
London,10.0,62,8.3,13.69,23.495,357.05,81.585,38.0,2024-11-26 15:45,15:51:47
London,10.3,62,6.5,16.28,28.49,382.95,120.065,24.0,2024-11-26 16:00,16:01:47
London,10.3,62,6.5,16.28,28.49,382.95,120.065,24.0,2024-11-26 16:00,16:11:48
London,9.2,66,6.5,16.28,28.49,382.95,120.065,24.0,2024-11-26 16:15,16:21:48
London,7.2,70,6.5,16.28,28.49,382.95,120.065,24.0,2024-11-26 16:30,16:31:48
London,7.2,70,6.5,16.28,28.49,382.95,120.065,24.0,2024-11-26 16:30,16:41:49
London,7.1,70,6.5,16.28,28.49,382.95,120.065,24.0,2024-11-26 16:45,16:51:57
London,7.1,70,4.7,23.125,32.375,445.85,150.22,4.0,2024-11-26 17:00,17:01:57
London,7.1,70,4.7,23.125,32.375,445.85,150.22,4.0,2024-11-26 17:00,17:12:24
London,7.2,81,4.7,23.125,32.375,445.85,150.22,4.0,2024-11-26 17:15,17:22:24
London,5.1,87,4.7,23.125,32.375,445.85,150.22,4.0,2024-11-26 17:30,17:32:27
London,5.1,87,4.7,23.125,32.375,445.85,150.22,4.0,2024-11-26 17:30,17:42:27
London,5.4,87,3.6,28.49,45.51,560.55,172.42,0.0,2024-11-26 18:00,17:52:28
London,5.3,87,3.6,28.49,45.51,560.55,172.42,0.0,2024-11-26 18:00,18:02:28
London,5.3,87,3.6,28.49,45.51,560.55,172.42,0.0,2024-11-26 18:15,18:12:28
London,4.2,87,5.0,28.49,45.51,560.55,172.42,0.0,2024-11-26 18:15,18:22:29
London,5.4,87,5.0,28.49,45.51,560.55,172.42,0.0,2024-11-26 18:30,18:32:34
London,5.4,87,5.0,28.49,45.51,560.55,172.42,0.0,2024-11-26 18:30,18:42:34
London,5.3,87,5.0,28.49,45.51,560.55,172.42,0.0,2024-11-26 18:45,18:52:35
London,5.2,87,4.3,35.52,48.655,634.55,179.265,0.0,2024-11-26 19:00,19:02:35
London,5.2,87,4.3,35.52,48.655,634.55,179.265,0.0,2024-11-26 19:00,19:12:35
London,6.3,81,4.3,35.52,48.655,634.55,179.265,0.0,2024-11-26 19:15,19:22:36
London,5.2,87,4.3,35.52,48.655,634.55,179.265,0.0,2024-11-26 19:30,19:32:36
London,5.2,87,4.3,35.52,48.655,634.55,179.265,0.0,2024-11-26 19:30,19:42:36
London,5.1,87,4.3,35.52,48.655,634.55,179.265,0.0,2024-11-26 19:45,19:52:36
London,5.4,87,3.6,42.18,54.02,666.0,167.425,0.0,2024-11-26 20:00,20:02:38
London,5.4,87,3.6,42.18,54.02,666.0,167.425,0.0,2024-11-26 20:00,20:12:38
London,5.1,87,3.6,42.18,54.02,666.0,167.425,0.0,2024-11-26 20:15,20:22:39
London,4.2,93,3.6,42.18,54.02,666.0,167.425,0.0,2024-11-26 20:15,20:32:39
London,4.2,93,3.6,42.18,54.02,666.0,167.425,0.0,2024-11-26 20:30,20:42:43
London,4.2,93,3.6,42.18,54.02,666.0,167.425,0.0,2024-11-26 20:30,20:52:43
London,6.4,81,4.3,40.7,56.055,654.9,160.395,0.0,2024-11-26 21:00,21:02:44
London,4.3,93,4.3,40.7,56.055,654.9,160.395,0.0,2024-11-26 21:00,21:12:44
London,4.3,93,4.3,40.7,56.055,654.9,160.395,0.0,2024-11-26 21:15,21:22:44
London,7.2,81,4.3,40.7,56.055,654.9,160.395,0.0,2024-11-26 21:15,21:32:45
London,7.2,81,4.3,40.7,56.055,654.9,160.395,0.0,2024-11-26 21:30,21:42:54
London,4.3,93,4.3,40.7,56.055,654.9,160.395,0.0,2024-11-26 21:45,21:52:54
London,4.3,93,5.0,33.67,46.435,653.05,146.335,0.0,2024-11-26 22:00,22:02:58
London,4.3,93,5.0,33.67,46.435,653.05,146.335,0.0,2024-11-26 22:00,22:12:58
London,5.3,93,5.0,33.67,46.435,653.05,146.335,0.0,2024-11-26 22:00,22:22:59
London,5.3,93,5.0,33.67,46.435,653.05,146.335,0.0,2024-11-26 22:15,22:33:05
London,5.3,93,5.0,33.67,46.435,653.05,146.335,0.0,2024-11-26 22:30,22:43:05
London,5.4,93,5.0,33.67,46.435,653.05,146.335,0.0,2024-11-26 22:45,22:53:06
London,5.3,93,7.2,30.895,45.325,580.9,125.06,1.0,2024-11-26 23:00,23:03:06
London,5.3,93,7.2,30.895,45.325,580.9,125.06,1.0,2024-11-26 23:00,23:13:06
London,7.0,87,7.2,30.895,45.325,580.9,125.06,1.0,2024-11-26 23:15,23:23:07
London,7.1,87,7.2,30.895,45.325,580.9,125.06,1.0,2024-11-26 23:15,23:33:07
London,6.3,87,7.9,30.895,45.325,580.9,125.06,1.0,2024-11-26 23:30,23:43:07
London,6.3,93,7.9,30.895,45.325,580.9,125.06,1.0,2024-11-26 23:45,23:53:07
London,6.1,93,7.9,30.895,45.325,580.9,125.06,1.0,2024-11-26 23:45,00:03:08
London,6.1,93,10.8,23.31,32.19,401.45,89.17,14.0,2024-11-27 00:00,00:13:08
London,7.1,87,10.8,23.31,32.19,401.45,89.17,14.0,2024-11-27 00:15,00:23:08
London,7.4,87,10.8,23.31,32.19,401.45,89.17,14.0,2024-11-27 00:30,00:33:09
London,7.4,87,10.8,23.31,32.19,401.45,89.17,14.0,2024-11-27 00:30,00:43:09
London,7.4,87,10.8,23.31,32.19,401.45,89.17,14.0,2024-11-27 00:45,00:53:12
London,7.2,87,10.8,23.31,32.19,401.45,89.17,14.0,2024-11-27 01:00,01:03:12
London,7.2,87,10.8,23.31,32.19,401.45,89.17,14.0,2024-11-27 01:00,01:13:13
London,6.3,93,10.8,23.31,32.19,401.45,89.17,14.0,2024-11-27 01:15,01:23:13
London,6.1,93,10.8,23.31,32.19,401.45,89.17,14.0,2024-11-27 01:30,01:33:13
London,6.1,93,10.8,23.31,32.19,401.45,89.17,14.0,2024-11-27 01:30,01:43:13
London,6.3,93,10.8,23.31,32.19,401.45,89.17,14.0,2024-11-27 01:45,01:53:14
London,6.1,93,16.9,17.575,22.015,344.1,52.54,25.0,2024-11-27 02:00,02:03:14
London,6.1,93,16.9,17.575,22.015,344.1,52.54,25.0,2024-11-27 02:00,02:13:14
London,6.1,93,16.9,17.575,22.015,344.1,52.54,25.0,2024-11-27 02:00,02:23:16
London,6.3,93,16.9,17.575,22.015,344.1,52.54,25.0,2024-11-27 02:30,02:33:16
London,6.3,93,16.9,17.575,22.015,344.1,52.54,25.0,2024-11-27 02:30,02:43:16
London,6.3,93,16.9,17.575,22.015,344.1,52.54,25.0,2024-11-27 02:45,02:53:17
London,6.1,93,21.6,12.95,13.69,312.65,35.89,44.0,2024-11-27 03:00,03:03:17
London,6.1,93,21.6,12.95,13.69,312.65,35.89,44.0,2024-11-27 03:00,03:13:17
London,7.1,93,21.6,12.95,13.69,312.65,35.89,44.0,2024-11-27 03:15,03:23:18
London,7.3,93,21.6,12.95,13.69,312.65,35.89,44.0,2024-11-27 03:30,03:33:18
London,7.3,93,21.6,12.95,13.69,312.65,35.89,44.0,2024-11-27 03:30,03:43:18
London,7.3,93,21.6,12.95,13.69,312.65,35.89,44.0,2024-11-27 03:45,03:53:19
London,7.2,93,21.2,7.4,8.325,299.7,28.675,45.0,2024-11-27 04:00,04:03:22
London,7.2,93,21.2,7.4,8.325,299.7,28.675,45.0,2024-11-27 04:00,04:13:22
London,7.4,100,21.2,7.4,8.325,299.7,28.675,45.0,2024-11-27 04:15,04:23:23
London,7.1,100,21.2,7.4,8.325,299.7,28.675,45.0,2024-11-27 04:30,04:33:23
London,7.1,100,21.2,7.4,8.325,299.7,28.675,45.0,2024-11-27 04:30,04:43:26
London,8.1,93,14.4,5.365,6.105,303.4,27.565,46.0,2024-11-27 05:00,04:53:26
London,8.3,93,14.4,5.365,6.105,303.4,27.565,46.0,2024-11-27 05:00,05:03:26
London,8.3,93,14.4,5.365,6.105,303.4,27.565,46.0,2024-11-27 05:00,05:13:27
London,7.2,93,14.4,5.365,6.105,303.4,27.565,46.0,2024-11-27 05:15,05:23:27
London,7.3,93,14.4,5.365,6.105,303.4,27.565,46.0,2024-11-27 05:30,05:33:28
London,7.3,93,14.4,5.365,6.105,303.4,27.565,46.0,2024-11-27 05:30,05:43:29
London,7.1,100,14.4,5.365,6.105,303.4,27.565,46.0,2024-11-27 05:45,05:53:29
London,7.1,100,3.6,5.365,6.475,297.85,35.15,40.0,2024-11-27 06:00,06:03:34
London,7.1,100,4.0,5.365,6.475,297.85,35.15,40.0,2024-11-27 06:00,06:13:34
London,7.3,100,4.0,5.365,6.475,297.85,35.15,40.0,2024-11-27 06:15,06:23:35
London,7.3,100,4.0,5.365,6.475,297.85,35.15,40.0,2024-11-27 06:15,06:33:35
London,7.3,100,4.0,5.365,6.475,297.85,35.15,40.0,2024-11-27 06:30,06:43:35
London,7.1,100,4.0,5.365,6.475,297.85,35.15,40.0,2024-11-27 06:45,06:53:36
London,7.0,100,12.6,7.03,9.435,325.6,67.525,23.0,2024-11-27 07:00,07:03:36
London,7.0,100,12.6,7.03,9.435,325.6,67.525,23.0,2024-11-27 07:00,07:13:36
London,7.4,93,12.6,7.03,9.435,325.6,67.525,23.0,2024-11-27 07:15,07:23:37
London,7.0,93,12.6,7.03,9.435,325.6,67.525,23.0,2024-11-27 07:15,07:33:37
London,7.0,93,12.6,7.03,9.435,325.6,67.525,23.0,2024-11-27 07:30,07:43:37
London,7.2,93,12.6,7.03,9.435,325.6,67.525,23.0,2024-11-27 07:45,07:53:38
London,7.0,93,16.2,7.215,8.695,336.7,60.125,31.0,2024-11-27 08:00,08:03:38
London,7.0,93,16.2,7.215,8.695,336.7,60.125,31.0,2024-11-27 08:00,08:13:38
London,6.2,100,16.2,7.215,8.695,336.7,60.125,31.0,2024-11-27 08:00,08:23:38
London,6.3,100,16.2,7.215,8.695,336.7,60.125,31.0,2024-11-27 08:30,08:33:39
London,6.3,100,16.2,7.215,8.695,336.7,60.125,31.0,2024-11-27 08:30,08:43:39
London,6.3,100,16.2,7.215,8.695,336.7,60.125,31.0,2024-11-27 08:30,08:53:44
London,6.3,100,17.3,4.625,5.735,299.7,42.92,50.0,2024-11-27 09:00,09:03:44
London,6.3,100,17.3,4.625,5.735,299.7,42.92,50.0,2024-11-27 09:00,09:13:44
London,6.2,100,17.3,4.625,5.735,299.7,42.92,50.0,2024-11-27 09:15,09:23:44
London,6.3,93,17.3,4.625,5.735,299.7,42.92,50.0,2024-11-27 09:30,09:33:45
London,6.3,93,17.3,4.625,5.735,299.7,42.92,50.0,2024-11-27 09:30,09:43:45
London,6.3,93,17.3,4.625,5.735,299.7,42.92,50.0,2024-11-27 09:45,09:53:45
London,6.1,93,19.1,5.18,5.735,305.25,28.12,57.0,2024-11-27 10:00,10:03:46
London,6.1,93,19.1,5.18,5.735,305.25,28.12,57.0,2024-11-27 10:00,10:13:46
London,6.3,93,19.1,5.18,5.735,305.25,28.12,57.0,2024-11-27 10:15,10:23:46
London,6.1,93,19.1,5.18,5.735,305.25,28.12,57.0,2024-11-27 10:15,10:33:46
London,6.1,93,19.1,5.18,5.735,305.25,28.12,57.0,2024-11-27 10:30,10:43:47
London,6.0,93,19.1,5.18,5.735,305.25,28.12,57.0,2024-11-27 10:45,10:53:47
London,6.3,93,19.1,5.18,5.735,305.25,28.12,57.0,2024-11-27 10:45,11:03:47
London,6.3,93,21.2,4.255,6.105,312.65,23.31,61.0,2024-11-27 11:00,11:13:47
London,6.2,87,21.2,4.255,6.105,312.65,23.31,61.0,2024-11-27 11:00,11:23:48
London,6.3,87,21.2,4.255,6.105,312.65,23.31,61.0,2024-11-27 11:30,11:33:48
London,6.3,87,21.2,4.255,6.105,312.65,23.31,61.0,2024-11-27 11:30,11:43:48
London,6.0,87,22.0,6.845,9.62,310.8,46.99,47.0,2024-11-27 11:45,11:53:48
London,6.1,87,22.7,4.81,8.51,296.0,32.005,59.0,2024-11-27 12:00,12:03:54
London,6.1,87,22.7,4.81,8.51,296.0,32.005,59.0,2024-11-27 12:00,12:13:54
London,6.1,87,22.7,4.81,8.51,296.0,32.005,59.0,2024-11-27 12:15,12:23:55
London,6.1,87,22.7,4.81,8.51,296.0,32.005,59.0,2024-11-27 12:15,12:33:57
London,6.1,87,22.7,4.81,8.51,296.0,32.005,59.0,2024-11-27 12:30,12:43:57
London,6.1,87,22.7,4.81,8.51,296.0,32.005,59.0,2024-11-27 12:30,12:53:58
London,6.3,87,20.2,6.29,8.325,308.95,29.6,61.0,2024-11-27 13:00,13:03:58
London,6.3,87,20.2,6.29,8.325,308.95,29.6,61.0,2024-11-27 13:00,13:13:58
London,6.1,87,20.2,6.29,8.325,308.95,29.6,61.0,2024-11-27 13:30,13:23:58
London,6.2,81,20.2,6.29,8.325,308.95,29.6,61.0,2024-11-27 13:30,13:33:59
London,6.2,81,20.2,6.29,8.325,308.95,29.6,61.0,2024-11-27 13:30,13:43:59
London,6.2,81,20.2,6.29,8.325,308.95,29.6,61.0,2024-11-27 13:45,13:54:07
London,6.3,81,20.2,6.29,8.325,308.95,29.6,61.0,2024-11-27 13:45,14:04:07
London,6.3,81,20.2,6.845,9.25,321.9,31.265,59.0,2024-11-27 14:00,14:14:07
London,6.3,87,20.2,6.845,9.25,321.9,31.265,59.0,2024-11-27 14:15,14:24:08
London,6.0,87,20.2,6.845,9.25,321.9,31.265,59.0,2024-11-27 14:15,14:34:08
London,6.0,87,20.2,6.845,9.25,321.9,31.265,59.0,2024-11-27 14:30,14:44:08
London,6.3,87,20.2,6.845,9.25,321.9,31.265,59.0,2024-11-27 14:45,14:54:09
London,6.2,87,17.6,9.99,12.765,338.55,41.625,49.0,2024-11-27 15:00,15:04:09
London,6.2,87,17.6,9.99,12.765,338.55,41.625,49.0,2024-11-27 15:00,15:14:12
London,6.3,81,17.6,9.99,12.765,338.55,41.625,49.0,2024-11-27 15:15,15:24:13
London,6.1,81,17.6,9.99,12.765,338.55,41.625,49.0,2024-11-27 15:15,15:34:13
London,6.1,81,17.6,9.99,12.765,338.55,41.625,49.0,2024-11-27 15:30,15:44:14
London,6.3,81,17.6,9.99,12.765,338.55,41.625,49.0,2024-11-27 15:45,15:54:14
London,6.3,81,14.8,12.395,16.835,375.55,54.02,36.0,2024-11-27 16:00,16:04:14
London,6.3,81,14.8,12.395,16.835,375.55,54.02,36.0,2024-11-27 16:00,16:14:18
London,6.2,81,14.8,12.395,16.835,375.55,54.02,36.0,2024-11-27 16:00,16:24:18
London,4.2,87,14.8,12.395,16.835,375.55,54.02,36.0,2024-11-27 16:45,16:34:18
London,4.2,87,14.8,12.395,16.835,375.55,54.02,36.0,2024-11-27 16:30,16:44:19
London,4.3,87,14.8,12.395,16.835,375.55,54.02,36.0,2024-11-27 16:45,16:54:19
London,4.2,87,13.0,15.54,18.685,386.65,70.67,23.0,2024-11-27 17:00,17:04:23
London,4.2,87,13.0,15.54,18.685,386.65,70.67,23.0,2024-11-27 17:00,17:14:28
London,4.1,87,13.0,15.54,18.685,386.65,70.67,23.0,2024-11-27 17:15,17:24:28
London,3.3,87,13.0,15.54,18.685,386.65,70.67,23.0,2024-11-27 17:30,17:34:28
London,3.3,87,13.0,15.54,18.685,386.65,70.67,23.0,2024-11-27 17:30,17:44:29
London,3.0,87,13.0,15.54,18.685,386.65,70.67,23.0,2024-11-27 17:45,17:54:29
London,3.0,87,11.9,17.76,20.905,403.3,83.065,16.0,2024-11-27 18:00,18:04:35
London,3.0,87,13.0,17.76,20.905,403.3,83.065,16.0,2024-11-27 18:00,18:14:35
London,3.4,93,13.0,17.76,20.905,403.3,83.065,16.0,2024-11-27 18:00,18:24:36
London,4.3,87,13.0,17.76,20.905,403.3,83.065,16.0,2024-11-27 18:15,18:34:36
London,4.3,87,13.0,17.76,20.905,403.3,83.065,16.0,2024-11-27 18:30,18:44:36
London,4.1,87,13.0,17.76,20.905,403.3,83.065,16.0,2024-11-27 18:45,18:54:37
London,4.2,87,13.3,17.205,23.495,386.65,82.695,17.0,2024-11-27 19:00,19:04:38
London,4.2,87,13.3,17.205,23.495,386.65,82.695,17.0,2024-11-27 19:00,19:14:45
London,3.1,93,13.3,17.205,23.495,386.65,82.695,17.0,2024-11-27 19:15,19:24:45
London,3.0,93,13.3,17.205,23.495,386.65,82.695,17.0,2024-11-27 19:30,19:34:46
London,3.0,93,13.3,17.205,23.495,386.65,82.695,17.0,2024-11-27 19:30,19:44:46
London,3.3,93,13.3,17.205,23.495,386.65,82.695,17.0,2024-11-27 19:45,19:54:46
London,3.1,93,11.2,19.055,25.16,386.65,76.035,29.0,2024-11-27 20:00,20:04:46
London,3.1,93,11.2,19.055,25.16,386.65,76.035,29.0,2024-11-27 20:00,20:14:47
London,3.1,93,11.2,19.055,25.16,386.65,76.035,29.0,2024-11-27 20:15,20:24:47
London,2.4,93,11.2,19.055,25.16,386.65,76.035,29.0,2024-11-27 20:30,20:34:47
London,2.4,93,11.2,19.055,25.16,386.65,76.035,29.0,2024-11-27 20:30,20:44:47
London,2.3,93,11.2,19.055,25.16,386.65,76.035,29.0,2024-11-27 20:45,20:54:48
London,2.2,93,11.2,19.055,25.16,386.65,76.035,29.0,2024-11-27 20:45,21:04:48
London,2.2,93,9.4,22.94,27.565,405.15,85.47,22.0,2024-11-27 21:00,21:14:48
London,2.4,93,9.4,22.94,27.565,405.15,85.47,22.0,2024-11-27 21:15,21:24:49
London,2.2,93,9.4,22.94,27.565,405.15,85.47,22.0,2024-11-27 21:30,21:34:49
London,2.2,93,9.4,22.94,27.565,405.15,85.47,22.0,2024-11-27 21:30,21:44:53
London,2.2,93,9.4,22.94,27.565,405.15,85.47,22.0,2024-11-27 21:45,21:54:53
London,2.0,93,7.9,27.195,33.3,421.8,88.985,15.0,2024-11-27 22:00,22:04:53
London,2.3,100,7.9,27.195,33.3,421.8,88.985,15.0,2024-11-27 22:15,22:14:57
London,1.1,93,7.9,27.195,33.3,421.8,88.985,15.0,2024-11-27 22:15,22:24:57
London,1.3,93,7.9,27.195,33.3,421.8,88.985,15.0,2024-11-27 22:30,22:34:58
London,1.3,93,7.9,27.195,33.3,421.8,88.985,15.0,2024-11-27 22:30,22:44:58
London,1.2,93,7.9,27.195,33.3,421.8,88.985,15.0,2024-11-27 22:45,22:54:58
London,2.0,93,7.9,30.155,38.11,423.65,87.875,14.0,2024-11-27 23:00,23:04:58
London,1.3,93,7.9,30.155,38.11,423.65,87.875,14.0,2024-11-27 23:00,23:14:59
London,1.2,93,7.9,30.155,38.11,423.65,87.875,14.0,2024-11-27 23:00,23:24:59
London,1.3,93,7.9,30.155,38.11,423.65,87.875,14.0,2024-11-27 23:30,23:35:05
London,1.3,93,7.9,30.155,38.11,423.65,87.875,14.0,2024-11-27 23:30,23:45:05
London,2.3,93,7.9,30.155,38.11,423.65,87.875,14.0,2024-11-27 23:45,23:55:06
London,2.3,93,6.1,31.635,42.18,408.85,69.93,23.0,2024-11-28 00:00,00:05:06
London,3.6,87,6.1,31.635,42.18,408.85,69.93,23.0,2024-11-28 00:00,00:15:06
London,2.3,93,6.1,31.635,42.18,408.85,69.93,23.0,2024-11-28 00:00,00:25:07
London,2.3,93,6.1,31.635,42.18,408.85,69.93,23.0,2024-11-28 00:30,00:35:07
London,2.3,93,6.1,31.635,42.18,408.85,69.93,23.0,2024-11-28 00:30,00:45:07
London,2.3,93,6.1,31.635,42.18,408.85,69.93,23.0,2024-11-28 00:30,00:55:07
London,2.1,93,6.1,31.635,42.18,408.85,69.93,23.0,2024-11-28 00:45,01:05:08
London,2.1,93,6.1,31.635,42.18,408.85,69.93,23.0,2024-11-28 01:00,01:15:08
London,2.3,93,6.1,31.635,42.18,408.85,69.93,23.0,2024-11-28 01:15,01:25:08
London,2.3,93,6.1,31.635,42.18,408.85,69.93,23.0,2024-11-28 01:30,01:35:09
London,2.3,93,6.1,31.635,42.18,408.85,69.93,23.0,2024-11-28 01:30,01:45:09
London,0.2,93,6.1,31.635,42.18,408.85,69.93,23.0,2024-11-28 01:30,01:55:13
London,0.3,93,6.1,30.525,40.7,395.9,57.72,29.0,2024-11-28 02:15,02:05:13
London,0.3,93,6.1,30.525,40.7,395.9,57.72,29.0,2024-11-28 02:00,02:15:14
London,1.1,93,6.1,30.525,40.7,395.9,57.72,29.0,2024-11-28 02:30,02:25:14
London,1.1,93,6.1,30.525,40.7,395.9,57.72,29.0,2024-11-28 02:45,02:35:14
London,1.1,93,6.1,30.525,40.7,395.9,57.72,29.0,2024-11-28 02:30,02:45:15
London,0.0,93,6.1,30.525,40.7,395.9,57.72,29.0,2024-11-28 02:45,02:55:15
London,0.3,93,6.1,28.86,37.555,386.65,57.165,28.0,2024-11-28 03:00,03:05:16
London,0.3,93,6.1,28.86,37.555,386.65,57.165,28.0,2024-11-28 03:00,03:15:16
London,1.3,93,6.1,28.86,37.555,386.65,57.165,28.0,2024-11-28 03:15,03:25:16
London,0.1,100,6.1,28.86,37.555,386.65,57.165,28.0,2024-11-28 03:30,03:35:17
London,0.1,100,6.1,28.86,37.555,386.65,57.165,28.0,2024-11-28 03:30,03:45:17
London,0.1,100,6.1,28.86,37.555,386.65,57.165,28.0,2024-11-28 03:45,03:55:17
London,0.1,100,5.4,27.38,37.925,377.4,57.165,26.0,2024-11-28 04:00,04:05:18
London,0.1,100,5.4,27.38,37.925,377.4,57.165,26.0,2024-11-28 04:00,04:15:18
London,0.1,100,5.4,27.38,37.925,377.4,57.165,26.0,2024-11-28 04:00,04:25:18
London,0.1,100,5.4,27.38,37.925,377.4,57.165,26.0,2024-11-28 04:30,04:35:18
London,0.1,100,5.4,27.38,37.925,377.4,57.165,26.0,2024-11-28 04:30,04:45:19
London,0.3,100,5.4,27.38,37.925,377.4,57.165,26.0,2024-11-28 04:30,04:55:19
London,0.3,100,5.4,26.64,37.37,379.25,58.645,22.0,2024-11-28 05:00,05:05:23
London,0.3,100,5.4,26.64,37.37,379.25,58.645,22.0,2024-11-28 05:00,05:15:25
London,0.0,93,5.4,26.64,37.37,379.25,58.645,22.0,2024-11-28 05:15,05:25:25
London,0.1,93,5.4,26.64,37.37,379.25,58.645,22.0,2024-11-28 05:30,05:35:25
London,0.1,93,5.4,26.64,37.37,379.25,58.645,22.0,2024-11-28 05:30,05:45:26
London,0.1,93,5.4,26.64,37.37,379.25,58.645,22.0,2024-11-28 05:45,05:55:26
London,0.1,93,3.6,26.455,37.185,382.95,70.67,9.0,2024-11-28 06:00,06:05:26
London,0.1,93,3.6,26.455,37.185,382.95,70.67,9.0,2024-11-28 06:00,06:15:27
London,3.3,87,3.6,26.455,37.185,382.95,70.67,9.0,2024-11-28 06:15,06:25:27
London,0.0,93,3.6,26.455,37.185,382.95,70.67,9.0,2024-11-28 06:30,06:35:35
London,0.0,93,3.6,26.455,37.185,382.95,70.67,9.0,2024-11-28 06:30,06:45:35
London,0.3,93,3.6,26.455,37.185,382.95,70.67,9.0,2024-11-28 06:45,06:55:36
London,0.1,93,3.6,32.745,40.33,407.0,91.575,7.0,2024-11-28 07:00,07:05:36
London,0.2,93,3.6,32.745,40.33,407.0,91.575,7.0,2024-11-28 07:00,07:15:36
London,0.0,93,3.6,32.745,40.33,407.0,91.575,7.0,2024-11-28 07:15,07:25:37
London,1.2,100,3.6,32.745,40.33,407.0,91.575,7.0,2024-11-28 07:30,07:35:37
London,1.2,100,3.6,32.745,40.33,407.0,91.575,7.0,2024-11-28 07:45,07:45:37
London,1.3,100,3.6,32.745,40.33,407.0,91.575,7.0,2024-11-28 07:45,07:55:37
London,1.2,100,3.6,37.925,45.695,529.1,111.37,1.0,2024-11-28 08:00,08:05:38
London,1.2,100,3.6,37.925,45.695,529.1,111.37,1.0,2024-11-28 08:15,08:15:39
London,0.1,93,3.6,37.925,45.695,529.1,111.37,1.0,2024-11-28 08:15,08:25:39
London,1.3,93,3.6,37.925,45.695,529.1,111.37,1.0,2024-11-28 08:30,08:35:42
London,1.3,93,3.6,37.925,45.695,529.1,111.37,1.0,2024-11-28 08:30,08:45:43
London,1.1,93,3.6,37.925,45.695,529.1,111.37,1.0,2024-11-28 08:45,08:55:43
London,1.3,93,4.0,38.665,50.875,577.2,110.815,3.0,2024-11-28 09:00,09:05:44
London,1.3,93,4.0,38.665,50.875,577.2,110.815,3.0,2024-11-28 09:00,09:15:44
London,1.2,93,4.0,38.665,50.875,577.2,110.815,3.0,2024-11-28 09:15,09:25:44
London,2.0,87,4.0,38.665,50.875,577.2,110.815,3.0,2024-11-28 09:30,09:35:48
London,2.0,87,4.0,38.665,50.875,577.2,110.815,3.0,2024-11-28 09:30,09:45:48
London,2.2,87,4.0,38.665,50.875,577.2,110.815,3.0,2024-11-28 09:45,09:55:49
London,2.2,87,4.3,33.485,49.765,501.35,101.75,13.0,2024-11-28 10:00,10:05:49
London,2.3,87,4.3,33.485,49.765,501.35,101.75,13.0,2024-11-28 10:15,10:15:53
London,2.3,87,4.3,33.485,49.765,501.35,101.75,13.0,2024-11-28 10:15,10:25:53
London,1.1,100,4.3,33.485,49.765,501.35,101.75,13.0,2024-11-28 10:15,10:35:54
London,1.1,100,4.3,33.485,49.765,501.35,101.75,13.0,2024-11-28 10:45,10:45:54
London,1.0,100,4.3,33.485,49.765,501.35,101.75,13.0,2024-11-28 10:45,10:55:54
London,1.3,100,4.3,33.485,49.765,501.35,101.75,13.0,2024-11-28 10:45,11:05:55
London,2.4,93,3.6,29.6,43.845,499.5,95.83,17.0,2024-11-28 11:00,11:15:58
London,2.2,100,3.6,29.6,43.845,499.5,95.83,17.0,2024-11-28 11:15,11:25:58
London,2.2,100,3.6,29.6,43.845,499.5,95.83,17.0,2024-11-28 11:30,11:35:58
London,2.2,100,3.6,29.6,43.845,499.5,95.83,17.0,2024-11-28 11:45,11:45:58
London,4.3,93,3.6,29.6,43.845,499.5,95.83,17.0,2024-11-28 11:45,11:55:59
London,4.2,93,3.6,26.64,40.515,449.55,91.76,23.0,2024-11-28 12:00,12:05:59
London,4.3,93,3.6,27.195,46.435,506.9,96.2,19.0,2024-11-28 12:15,12:16:04
London,4.3,93,3.6,27.195,46.435,506.9,96.2,19.0,2024-11-28 12:15,12:26:05
London,5.1,87,3.6,27.195,46.435,506.9,96.2,19.0,2024-11-28 12:30,12:36:05
London,5.1,87,3.6,27.195,46.435,506.9,96.2,19.0,2024-11-28 12:45,12:46:05
London,5.3,87,3.6,27.195,46.435,506.9,96.2,19.0,2024-11-28 12:45,12:56:06
London,5.2,87,3.6,27.195,46.435,506.9,96.2,19.0,2024-11-28 12:45,13:06:06
London,7.3,81,3.6,27.935,46.25,473.6,101.75,20.0,2024-11-28 13:00,13:16:06
London,5.4,87,3.6,27.935,46.25,473.6,101.75,20.0,2024-11-28 13:15,13:26:06
London,8.0,76,3.6,27.935,46.25,473.6,101.75,20.0,2024-11-28 13:30,13:36:07
London,8.0,76,3.6,27.935,46.25,473.6,101.75,20.0,2024-11-28 13:30,13:46:07
London,8.1,76,3.6,27.935,46.25,473.6,101.75,20.0,2024-11-28 13:45,13:56:08
London,6.4,81,4.7,28.675,49.58,543.9,102.305,15.0,2024-11-28 14:00,14:06:08
London,8.1,76,4.7,28.675,49.58,543.9,102.305,15.0,2024-11-28 14:00,14:16:09
London,8.4,71,4.7,28.675,49.58,543.9,102.305,15.0,2024-11-28 14:15,14:26:16
London,8.4,71,4.7,28.675,49.58,543.9,102.305,15.0,2024-11-28 14:15,14:36:17
London,8.3,71,4.7,28.675,49.58,543.9,102.305,15.0,2024-11-28 14:30,14:46:17
London,8.3,71,4.7,28.675,49.58,543.9,102.305,15.0,2024-11-28 14:45,14:56:27
London,8.1,71,5.4,34.41,57.72,543.9,107.67,13.0,2024-11-28 15:00,15:06:27
London,8.4,71,5.4,34.41,57.72,543.9,107.67,13.0,2024-11-28 15:15,15:16:27
London,8.4,71,5.4,34.41,57.72,543.9,107.67,13.0,2024-11-28 15:15,15:26:28
London,6.2,81,5.4,34.41,57.72,543.9,107.67,13.0,2024-11-28 15:30,15:36:28
London,6.2,81,5.4,34.41,57.72,543.9,107.67,13.0,2024-11-28 15:45,15:46:28
London,6.4,81,6.5,37.0,67.155,584.6,137.64,3.0,2024-11-28 16:00,15:56:29
London,6.1,81,6.5,37.0,67.155,584.6,137.64,3.0,2024-11-28 16:00,16:06:29
London,4.2,87,6.5,37.0,67.155,584.6,137.64,3.0,2024-11-28 16:15,16:16:33
London,5.1,87,6.5,37.0,67.155,584.6,137.64,3.0,2024-11-28 16:15,16:26:34
London,4.4,87,6.5,37.0,67.155,584.6,137.64,3.0,2024-11-28 16:30,16:36:35
London,4.3,87,6.5,37.0,67.155,584.6,137.64,3.0,2024-11-28 16:45,16:46:35
London,4.3,87,6.5,37.0,67.155,584.6,137.64,3.0,2024-11-28 16:45,16:56:36
London,4.1,87,6.5,38.665,69.745,656.75,149.85,0.0,2024-11-28 17:00,17:06:36
London,3.2,87,6.5,38.665,69.745,656.75,149.85,0.0,2024-11-28 17:15,17:16:36
London,3.2,87,6.5,38.665,69.745,656.75,149.85,0.0,2024-11-28 17:00,17:26:48
London,2.0,87,6.5,38.665,69.745,656.75,149.85,0.0,2024-11-28 17:30,17:36:48
London,2.3,87,6.5,38.665,69.745,656.75,149.85,0.0,2024-11-28 17:45,17:46:49
London,2.3,87,6.5,38.665,69.745,656.75,149.85,0.0,2024-11-28 17:45,17:56:49
London,2.1,87,6.8,48.47,67.155,701.15,147.63,0.0,2024-11-28 18:00,18:06:53
London,1.1,93,6.8,48.47,67.155,701.15,147.63,0.0,2024-11-28 18:15,18:16:59
London,1.1,93,6.8,48.47,67.155,701.15,147.63,0.0,2024-11-28 18:00,18:27:09
London,1.2,93,6.8,48.47,67.155,701.15,147.63,0.0,2024-11-28 18:30,18:37:19
London,1.2,93,6.8,48.47,67.155,701.15,147.63,0.0,2024-11-28 18:45,18:47:24
London,1.2,93,6.8,48.47,67.155,701.15,147.63,0.0,2024-11-28 18:30,18:57:25
London,1.2,93,7.6,47.545,60.68,595.7,133.015,0.0,2024-11-28 19:00,19:07:25
London,3.0,87,7.6,47.545,60.68,595.7,133.015,0.0,2024-11-28 19:00,19:17:25
London,3.0,87,7.6,47.545,60.68,595.7,133.015,0.0,2024-11-28 19:15,19:27:26
London,2.3,93,7.6,47.545,60.68,595.7,133.015,0.0,2024-11-28 19:15,19:37:26
London,3.3,93,7.6,47.545,60.68,595.7,133.015,0.0,2024-11-28 19:30,19:47:26
London,2.1,93,7.6,47.545,60.68,595.7,133.015,0.0,2024-11-28 19:30,19:57:27
London,2.1,93,7.6,47.545,60.68,595.7,133.015,0.0,2024-11-28 19:45,20:07:27
London,3.4,87,7.2,34.965,56.425,564.25,124.69,1.0,2024-11-28 20:15,20:17:27
London,3.4,87,7.2,34.965,56.425,564.25,124.69,1.0,2024-11-28 20:15,20:27:43
London,1.4,93,7.2,34.965,56.425,564.25,124.69,1.0,2024-11-28 20:30,20:37:46
London,1.1,93,7.2,34.965,56.425,564.25,124.69,1.0,2024-11-28 20:45,20:47:46
London,1.1,93,7.2,34.965,56.425,564.25,124.69,1.0,2024-11-28 20:45,20:57:47
London,1.4,93,7.9,33.115,51.985,536.5,120.805,1.0,2024-11-28 21:00,21:07:47
London,3.2,93,7.9,33.115,51.985,536.5,120.805,1.0,2024-11-28 21:15,21:17:47
London,3.2,93,7.9,33.115,51.985,536.5,120.805,1.0,2024-11-28 21:15,21:27:48
London,1.2,93,7.9,33.115,51.985,536.5,120.805,1.0,2024-11-28 21:15,21:37:48
London,1.2,93,7.9,33.115,51.985,536.5,120.805,1.0,2024-11-28 21:30,21:47:48
London,1.2,93,7.9,33.115,51.985,536.5,120.805,1.0,2024-11-28 21:45,21:57:49
London,1.0,93,9.0,30.71,47.545,510.6,104.525,1.0,2024-11-28 22:00,22:07:49
London,2.2,93,9.0,30.71,47.545,510.6,104.525,1.0,2024-11-28 22:15,22:17:53
London,2.2,93,9.0,30.71,47.545,510.6,104.525,1.0,2024-11-28 22:30,22:27:56
London,3.0,93,9.0,30.71,47.545,510.6,104.525,1.0,2024-11-28 22:15,22:37:56
London,2.4,93,9.0,30.71,47.545,510.6,104.525,1.0,2024-11-28 22:45,22:47:57
London,2.4,93,9.0,30.71,47.545,510.6,104.525,1.0,2024-11-28 22:45,22:57:57
London,2.4,93,9.7,26.825,36.26,453.25,88.43,1.0,2024-11-28 23:00,23:08:05
London,2.3,93,9.7,26.825,36.26,453.25,88.43,1.0,2024-11-28 23:15,23:18:05
London,2.3,93,9.7,26.825,36.26,453.25,88.43,1.0,2024-11-28 23:15,23:28:05
London,2.0,93,9.7,26.825,36.26,453.25,88.43,1.0,2024-11-28 23:15,23:38:05
London,3.2,93,9.7,18.5,27.195,368.15,64.935,20.0,2024-11-29 00:00,23:48:06
London,1.1,100,9.4,26.825,36.26,453.25,88.43,1.0,2024-11-28 23:45,23:58:06
London,1.1,100,9.4,26.825,36.26,453.25,88.43,1.0,2024-11-28 23:45,00:08:06
London,1.3,100,9.7,18.5,27.195,368.15,64.935,20.0,2024-11-29 00:15,00:18:09
London,1.3,100,9.7,18.5,27.195,368.15,64.935,20.0,2024-11-29 00:15,00:28:09
London,2.2,93,9.7,18.5,27.195,368.15,64.935,20.0,2024-11-29 00:30,00:38:12
London,1.3,100,9.7,18.5,27.195,368.15,64.935,20.0,2024-11-29 00:45,00:48:13
London,1.3,100,9.7,18.5,27.195,368.15,64.935,20.0,2024-11-29 00:45,00:58:13
London,1.3,100,9.7,18.5,27.195,368.15,64.935,20.0,2024-11-29 01:00,01:08:13
London,3.0,93,9.7,18.5,27.195,368.15,64.935,20.0,2024-11-29 01:15,01:18:14
London,3.0,93,9.7,18.5,27.195,368.15,64.935,20.0,2024-11-29 01:15,01:28:14
London,3.1,93,9.7,18.5,27.195,368.15,64.935,20.0,2024-11-29 01:30,01:38:14
London,2.1,100,9.7,18.5,27.195,368.15,64.935,20.0,2024-11-29 01:45,01:48:15
London,2.1,100,9.7,18.5,27.195,368.15,64.935,20.0,2024-11-29 01:45,01:58:15
London,2.4,100,10.8,15.91,25.53,342.25,40.885,40.0,2024-11-29 02:00,02:08:16
London,2.2,100,10.8,15.91,25.53,342.25,40.885,40.0,2024-11-29 02:15,02:18:16
London,2.2,100,10.8,15.91,25.53,342.25,40.885,40.0,2024-11-29 02:15,02:28:16
London,2.4,100,10.8,15.91,25.53,342.25,40.885,40.0,2024-11-29 02:30,02:38:17
London,2.1,100,10.8,15.91,25.53,342.25,40.885,40.0,2024-11-29 02:45,02:48:17
London,2.1,100,10.8,15.91,25.53,342.25,40.885,40.0,2024-11-29 02:45,02:58:17
London,2.3,100,10.8,15.54,23.31,338.55,34.965,44.0,2024-11-29 03:00,03:08:17
London,3.2,87,10.8,15.54,23.31,338.55,34.965,44.0,2024-11-29 03:15,03:18:18
London,3.2,87,10.8,15.54,23.31,338.55,34.965,44.0,2024-11-29 03:15,03:28:18
London,2.2,93,10.8,15.54,23.31,338.55,34.965,44.0,2024-11-29 03:30,03:38:18
London,2.1,93,10.8,15.54,23.31,338.55,34.965,44.0,2024-11-29 03:30,03:48:19
London,2.1,93,10.8,15.54,23.31,338.55,34.965,44.0,2024-11-29 03:45,03:58:19
London,2.1,93,10.8,15.54,23.31,338.55,34.965,44.0,2024-11-29 03:45,04:08:23
London,2.3,93,10.8,15.54,21.09,331.15,31.45,46.0,2024-11-29 04:30,04:18:23
London,2.3,93,10.8,15.54,21.09,331.15,31.45,46.0,2024-11-29 04:15,04:28:23
London,2.3,93,10.8,15.54,21.09,331.15,31.45,46.0,2024-11-29 04:30,04:38:24
London,2.2,100,10.8,15.54,21.09,331.15,31.45,46.0,2024-11-29 04:45,04:48:24
London,2.2,100,10.8,15.54,21.09,331.15,31.45,46.0,2024-11-29 04:45,04:58:26
London,2.4,100,11.5,14.985,19.24,318.2,30.155,47.0,2024-11-29 05:00,05:08:27
London,2.3,100,11.5,14.985,19.24,318.2,30.155,47.0,2024-11-29 05:00,05:18:27
London,2.3,100,11.5,14.985,19.24,318.2,30.155,47.0,2024-11-29 05:15,05:28:27
London,2.4,100,11.9,14.985,19.24,318.2,30.155,47.0,2024-11-29 05:30,05:38:28
London,2.2,100,11.9,14.985,19.24,318.2,30.155,47.0,2024-11-29 05:45,05:48:28
London,2.2,100,11.9,14.985,19.24,318.2,30.155,47.0,2024-11-29 05:45,05:58:28
London,2.2,100,12.6,16.65,21.645,323.75,39.775,47.0,2024-11-29 06:00,06:08:28
London,3.2,100,12.6,16.65,21.645,323.75,39.775,47.0,2024-11-29 06:15,06:18:29
London,3.2,100,12.6,16.65,21.645,323.75,39.775,47.0,2024-11-29 06:15,06:28:29
London,3.2,100,12.6,16.65,21.645,323.75,39.775,47.0,2024-11-29 06:30,06:38:34
London,3.2,100,12.6,16.65,21.645,323.75,39.775,47.0,2024-11-29 06:30,06:48:37
London,3.2,100,13.0,17.575,25.53,351.5,65.86,33.0,2024-11-29 07:00,06:58:37
London,3.1,100,13.0,17.575,25.53,351.5,65.86,33.0,2024-11-29 07:00,07:08:38
London,4.2,93,13.0,17.575,25.53,351.5,65.86,33.0,2024-11-29 07:15,07:18:38
London,4.2,93,13.0,17.575,25.53,351.5,65.86,33.0,2024-11-29 07:15,07:28:38
London,4.0,93,13.0,17.575,25.53,351.5,65.86,33.0,2024-11-29 07:15,07:38:39
London,4.1,93,13.0,17.575,25.53,351.5,65.86,33.0,2024-11-29 07:45,07:48:39
London,4.1,93,13.0,17.575,25.53,351.5,65.86,33.0,2024-11-29 07:45,07:58:42
London,4.4,93,12.6,20.905,27.01,386.65,91.39,25.0,2024-11-29 08:00,08:08:43
London,4.3,93,12.6,20.905,27.01,386.65,91.39,25.0,2024-11-29 08:15,08:18:43
London,4.3,93,12.6,20.905,27.01,386.65,91.39,25.0,2024-11-29 08:15,08:28:43
London,5.1,87,12.6,20.905,27.01,386.65,91.39,25.0,2024-11-29 08:30,08:38:47
London,4.4,93,12.6,20.905,27.01,386.65,91.39,25.0,2024-11-29 08:45,08:48:47
London,4.4,93,12.6,20.905,27.01,386.65,91.39,25.0,2024-11-29 08:45,08:58:48
London,4.1,93,14.0,19.055,24.42,386.65,83.25,26.0,2024-11-29 09:00,09:08:48
London,5.2,93,14.0,19.055,24.42,386.65,83.25,26.0,2024-11-29 09:15,09:18:48
London,5.2,93,14.0,19.055,24.42,386.65,83.25,26.0,2024-11-29 09:15,09:28:48
London,6.2,87,14.0,19.055,24.42,386.65,83.25,26.0,2024-11-29 09:30,09:38:49
London,6.3,87,14.0,19.055,24.42,386.65,83.25,26.0,2024-11-29 09:45,09:48:49
London,6.3,87,14.0,19.055,24.42,386.65,83.25,26.0,2024-11-29 09:45,09:58:56
London,6.3,87,14.0,19.055,24.42,386.65,83.25,26.0,2024-11-29 09:45,10:08:57
London,7.4,81,14.8,15.725,23.865,355.2,54.39,41.0,2024-11-29 10:00,10:18:57
London,7.4,81,14.8,15.725,23.865,355.2,54.39,41.0,2024-11-29 10:15,10:28:57
London,8.2,81,14.8,15.725,23.865,355.2,54.39,41.0,2024-11-29 10:30,10:38:58
London,8.4,81,14.8,15.725,23.865,355.2,54.39,41.0,2024-11-29 10:45,10:48:58
London,8.4,81,14.8,15.725,23.865,355.2,54.39,41.0,2024-11-29 10:45,10:58:58
London,8.2,81,15.5,15.91,22.57,347.8,43.105,58.0,2024-11-29 11:00,11:08:58
London,9.1,76,15.5,15.91,22.57,347.8,43.105,58.0,2024-11-29 11:00,11:18:59
London,9.1,76,15.5,15.91,22.57,347.8,43.105,58.0,2024-11-29 11:30,11:28:59
London,10.1,71,15.5,15.91,22.57,347.8,43.105,58.0,2024-11-29 11:45,11:39:02
London,10.4,71,15.5,15.91,22.57,347.8,43.105,58.0,2024-11-29 11:45,11:49:04
London,10.4,71,15.5,15.91,22.57,347.8,43.105,58.0,2024-11-29 11:45,11:59:04
London,10.3,71,16.2,13.135,20.165,336.7,34.04,58.0,2024-11-29 12:00,12:09:04
London,11.1,66,16.2,13.135,20.165,336.7,34.04,58.0,2024-11-29 12:15,12:19:05
London,11.1,66,16.2,13.135,20.165,336.7,34.04,58.0,2024-11-29 12:15,12:29:06
London,11.2,62,16.2,13.135,20.165,336.7,34.04,58.0,2024-11-29 12:15,12:39:06
London,11.1,62,16.2,13.135,20.165,336.7,34.04,58.0,2024-11-29 12:45,12:49:06
London,11.1,62,16.2,13.135,20.165,336.7,34.04,58.0,2024-11-29 12:45,12:59:06
London,11.2,62,16.2,12.025,19.24,340.4,38.665,59.0,2024-11-29 13:00,13:09:07
London,9.4,66,16.2,12.025,19.24,340.4,38.665,59.0,2024-11-29 13:15,13:19:07
London,11.3,62,16.2,12.025,19.24,340.4,38.665,59.0,2024-11-29 13:15,13:29:07
London,11.3,62,16.2,12.025,19.24,340.4,38.665,59.0,2024-11-29 13:30,13:39:08
London,11.2,62,16.2,12.025,19.24,340.4,38.665,59.0,2024-11-29 13:30,13:49:08
London,11.2,62,16.2,12.025,19.24,340.4,38.665,59.0,2024-11-29 13:45,13:59:08
London,11.1,62,16.6,11.655,19.425,340.4,43.845,56.0,2024-11-29 14:00,14:09:09
London,11.1,58,16.6,11.655,19.425,340.4,43.845,56.0,2024-11-29 14:00,14:19:09
London,11.1,58,16.6,11.655,19.425,340.4,43.845,56.0,2024-11-29 14:15,14:29:13
London,11.2,54,16.6,11.655,19.425,340.4,43.845,56.0,2024-11-29 14:30,14:39:13
London,11.1,54,16.6,11.655,19.425,340.4,43.845,56.0,2024-11-29 14:45,14:49:14
London,11.1,54,16.6,11.655,19.425,340.4,43.845,56.0,2024-11-29 14:45,14:59:14
London,11.4,54,15.8,13.135,20.35,353.35,59.015,50.0,2024-11-29 15:00,15:09:14
London,10.2,58,15.8,13.135,20.35,353.35,59.015,50.0,2024-11-29 15:15,15:19:15
London,10.2,58,15.8,13.135,20.35,353.35,59.015,50.0,2024-11-29 15:15,15:29:15
London,10.3,58,15.8,13.135,20.35,353.35,59.015,50.0,2024-11-29 15:15,15:39:15
London,10.2,58,15.1,14.985,21.275,368.15,80.66,39.0,2024-11-29 16:00,15:49:15
London,10.2,58,15.8,13.135,20.35,353.35,59.015,50.0,2024-11-29 15:45,15:59:16
London,10.2,58,15.8,13.135,20.35,353.35,59.015,50.0,2024-11-29 15:45,16:09:16
London,9.3,62,15.1,14.985,21.275,368.15,80.66,39.0,2024-11-29 16:15,16:19:16
London,9.3,62,15.1,14.985,21.275,368.15,80.66,39.0,2024-11-29 16:15,16:29:17
London,8.3,66,15.1,14.985,21.275,368.15,80.66,39.0,2024-11-29 16:30,16:39:17
London,8.2,66,15.1,14.985,21.275,368.15,80.66,39.0,2024-11-29 16:45,16:49:17
London,8.2,66,15.1,14.985,21.275,368.15,80.66,39.0,2024-11-29 16:45,16:59:18
London,8.0,66,15.5,17.76,24.42,401.45,102.49,28.0,2024-11-29 17:00,17:09:18
London,8.0,66,11.2,18.5,24.975,355.2,44.4,40.0,2024-11-29 17:15,17:19:18
London,8.0,66,15.5,17.76,24.42,401.45,102.49,28.0,2024-11-29 17:15,17:29:18
London,7.2,70,15.8,17.76,24.42,401.45,102.49,28.0,2024-11-29 17:30,17:39:19
London,7.3,70,15.8,17.76,24.42,401.45,102.49,28.0,2024-11-29 17:45,17:49:19
London,7.3,70,15.8,17.76,24.42,401.45,102.49,28.0,2024-11-29 17:45,17:59:22
London,7.3,70,15.8,17.76,24.42,401.45,102.49,28.0,2024-11-29 17:45,18:09:23
London,7.4,76,15.1,18.685,26.27,429.2,107.485,18.0,2024-11-29 18:15,18:19:23
London,7.4,76,15.1,18.685,26.27,429.2,107.485,18.0,2024-11-29 18:15,18:29:23
London,7.3,76,15.1,18.685,26.27,429.2,107.485,18.0,2024-11-29 18:30,18:39:24
London,7.3,76,15.1,18.685,26.27,429.2,107.485,18.0,2024-11-29 18:45,18:49:24
London,7.3,76,15.1,18.685,26.27,429.2,107.485,18.0,2024-11-29 18:45,18:59:24
London,7.2,76,15.1,18.685,26.27,429.2,107.485,18.0,2024-11-29 18:45,19:09:24
London,7.1,76,14.8,19.61,27.75,397.75,98.79,14.0,2024-11-29 19:15,19:19:31
London,7.1,76,14.8,19.61,27.75,397.75,98.79,14.0,2024-11-29 19:15,19:29:33
London,6.2,81,14.8,19.61,27.75,397.75,98.79,14.0,2024-11-29 19:15,19:39:34
London,6.4,81,14.8,19.61,27.75,397.75,98.79,14.0,2024-11-29 19:45,19:49:34
London,6.4,81,14.8,19.61,27.75,397.75,98.79,14.0,2024-11-29 19:45,19:59:34
London,6.2,81,14.8,19.61,27.75,397.75,98.79,14.0,2024-11-29 19:45,20:09:34
London,7.1,76,14.8,18.87,26.085,381.1,89.54,14.0,2024-11-29 20:15,20:19:35
London,7.1,76,14.8,18.87,26.085,381.1,89.54,14.0,2024-11-29 20:15,20:29:35
London,7.4,76,14.8,18.87,26.085,381.1,89.54,14.0,2024-11-29 20:15,20:39:35
London,7.0,76,14.8,18.87,26.085,381.1,89.54,14.0,2024-11-29 20:45,20:49:36
London,7.0,76,14.8,18.87,26.085,381.1,89.54,14.0,2024-11-29 20:45,20:59:36
London,7.2,76,14.0,18.5,27.195,373.7,83.065,16.0,2024-11-29 21:00,21:09:36
London,8.3,76,14.0,18.5,27.195,373.7,83.065,16.0,2024-11-29 21:15,21:19:36
London,8.3,76,14.0,18.5,27.195,373.7,83.065,16.0,2024-11-29 21:15,21:29:37
London,8.0,76,14.0,18.5,27.195,373.7,83.065,16.0,2024-11-29 21:30,21:39:37
London,8.4,76,14.0,18.5,27.195,373.7,83.065,16.0,2024-11-29 21:45,21:49:44
London,8.4,76,14.0,18.5,27.195,373.7,83.065,16.0,2024-11-29 21:45,21:59:44
London,8.0,76,12.6,17.945,27.38,358.9,67.34,22.0,2024-11-29 22:00,22:09:44
London,8.0,76,12.6,17.945,27.38,358.9,67.34,22.0,2024-11-29 22:00,22:19:45
London,8.0,76,12.6,17.945,27.38,358.9,67.34,22.0,2024-11-29 22:15,22:29:46
London,8.2,76,12.6,17.945,27.38,358.9,67.34,22.0,2024-11-29 22:30,22:39:47
London,7.3,81,12.6,17.945,27.38,358.9,67.34,22.0,2024-11-29 22:45,22:49:47
London,7.3,81,12.6,17.945,27.38,358.9,67.34,22.0,2024-11-29 22:45,22:59:47
London,7.3,81,12.6,17.205,21.46,353.35,58.46,31.0,2024-11-29 23:00,23:09:48
London,8.1,76,13.0,17.205,21.46,353.35,58.46,31.0,2024-11-29 23:15,23:19:48
London,7.2,81,13.0,17.205,21.46,353.35,58.46,31.0,2024-11-29 23:15,23:29:48
London,7.0,81,13.0,17.205,21.46,353.35,58.46,31.0,2024-11-29 23:30,23:39:49
London,7.1,87,13.0,17.205,21.46,353.35,58.46,31.0,2024-11-29 23:45,23:49:49
London,7.1,87,13.0,17.205,21.46,353.35,58.46,31.0,2024-11-29 23:45,23:59:53
London,7.2,87,11.9,12.95,20.72,325.6,57.165,39.0,2024-11-30 00:00,00:09:53
London,8.4,81,11.9,12.95,20.72,325.6,57.165,39.0,2024-11-30 00:15,00:19:54
London,8.4,81,11.9,12.95,20.72,325.6,57.165,39.0,2024-11-30 00:15,00:29:54
London,8.4,81,11.9,12.95,20.72,325.6,57.165,39.0,2024-11-30 00:30,00:39:54
London,8.2,81,11.9,12.95,20.72,325.6,57.165,39.0,2024-11-30 00:45,00:49:56
London,8.2,81,11.9,12.95,20.72,325.6,57.165,39.0,2024-11-30 00:45,00:59:56
London,8.4,81,11.9,12.95,20.72,325.6,57.165,39.0,2024-11-30 01:00,01:09:56
London,8.0,87,11.9,12.95,20.72,325.6,57.165,39.0,2024-11-30 01:15,01:19:56
London,8.0,87,11.9,12.95,20.72,325.6,57.165,39.0,2024-11-30 01:15,01:29:57
London,8.3,87,11.9,12.95,20.72,325.6,57.165,39.0,2024-11-30 01:30,01:40:02
London,9.3,81,11.9,12.95,20.72,325.6,57.165,39.0,2024-11-30 01:45,01:50:03
London,9.3,81,11.9,12.95,20.72,325.6,57.165,39.0,2024-11-30 01:45,02:00:04
London,9.3,81,9.7,12.025,16.095,312.65,40.515,45.0,2024-11-30 02:00,02:10:04
London,9.0,81,9.7,12.025,16.095,312.65,40.515,45.0,2024-11-30 02:15,02:20:06
London,9.0,81,9.7,12.025,16.095,312.65,40.515,45.0,2024-11-30 02:15,02:30:19
London,9.1,81,9.7,12.025,16.095,312.65,40.515,45.0,2024-11-30 02:30,02:40:25
London,9.2,87,9.7,12.025,15.91,308.95,39.22,43.0,2024-11-30 03:00,02:50:28
London,9.2,87,9.7,12.025,16.095,312.65,40.515,45.0,2024-11-30 02:45,03:00:28
London,9.2,87,9.7,12.025,15.91,308.95,39.22,43.0,2024-11-30 03:00,03:10:28
London,10.3,82,9.7,12.025,15.91,308.95,39.22,43.0,2024-11-30 03:00,03:20:28
London,10.3,82,9.7,12.025,15.91,308.95,39.22,43.0,2024-11-30 03:15,03:30:29
London,10.3,82,9.7,12.025,15.91,308.95,39.22,43.0,2024-11-30 03:30,03:40:29
London,10.2,87,9.7,12.025,15.91,308.95,39.22,43.0,2024-11-30 03:30,03:50:34
London,10.2,87,9.7,12.025,15.91,308.95,39.22,43.0,2024-11-30 03:45,04:00:34
London,10.1,87,9.7,12.025,15.91,308.95,39.22,43.0,2024-11-30 03:45,04:10:34
London,10.0,94,9.0,12.025,16.28,307.1,31.82,40.0,2024-11-30 04:00,04:20:35
London,10.0,94,9.0,12.025,16.28,307.1,31.82,40.0,2024-11-30 04:30,04:30:35
London,10.1,94,9.0,12.025,16.28,307.1,31.82,40.0,2024-11-30 04:30,04:40:36
London,10.2,94,9.0,12.025,16.28,307.1,31.82,40.0,2024-11-30 04:45,04:50:38
London,10.2,94,9.0,12.025,16.28,307.1,31.82,40.0,2024-11-30 04:45,05:00:44
London,10.0,94,8.3,12.58,17.205,305.25,30.71,39.0,2024-11-30 05:00,05:10:46
London,10.1,94,8.3,12.58,17.205,305.25,30.71,39.0,2024-11-30 05:15,05:20:47
London,10.1,94,8.3,12.58,17.205,305.25,30.71,39.0,2024-11-30 05:15,05:30:47
London,10.1,94,8.3,12.58,17.205,305.25,30.71,39.0,2024-11-30 05:15,05:40:47
London,10.3,100,8.3,12.58,17.205,305.25,30.71,39.0,2024-11-30 05:30,05:50:48
London,10.2,100,8.3,15.54,20.35,308.95,35.15,39.0,2024-11-30 06:00,06:00:48
London,10.2,100,8.6,15.54,20.35,308.95,35.15,39.0,2024-11-30 06:00,06:10:48
London,11.2,94,8.6,15.54,20.35,308.95,35.15,39.0,2024-11-30 06:15,06:20:49
London,11.2,94,8.6,15.54,20.35,308.95,35.15,39.0,2024-11-30 06:15,06:30:49
London,11.2,94,8.6,15.54,20.35,308.95,35.15,39.0,2024-11-30 06:30,06:40:52
London,11.3,94,8.6,15.54,20.35,308.95,35.15,39.0,2024-11-30 06:45,06:50:54
London,11.3,94,9.7,17.945,24.975,331.15,49.21,26.0,2024-11-30 07:00,07:00:54
London,11.3,94,9.7,17.945,24.975,331.15,49.21,26.0,2024-11-30 07:00,07:10:57
London,11.1,94,9.7,17.945,24.975,331.15,49.21,26.0,2024-11-30 07:00,07:20:57
London,11.1,94,9.7,17.945,24.975,331.15,49.21,26.0,2024-11-30 07:30,07:30:58
London,11.3,100,9.7,17.945,24.975,331.15,49.21,26.0,2024-11-30 07:15,07:40:58
London,11.0,100,9.7,17.945,24.975,331.15,49.21,26.0,2024-11-30 07:30,07:50:58
London,11.0,100,9.7,17.945,24.975,331.15,49.21,26.0,2024-11-30 07:45,08:00:59
London,11.2,100,9.0,19.24,28.86,371.85,71.595,22.0,2024-11-30 08:00,08:10:59
London,12.0,94,9.0,19.24,28.86,371.85,71.595,22.0,2024-11-30 08:15,08:21:02
London,12.2,94,9.0,19.24,28.86,371.85,71.595,22.0,2024-11-30 08:15,08:31:05
London,12.2,94,9.0,19.24,28.86,371.85,71.595,22.0,2024-11-30 08:15,08:41:05
London,12.4,94,9.0,19.24,28.86,371.85,71.595,22.0,2024-11-30 08:45,08:51:07
London,12.3,94,7.9,19.055,23.865,405.15,69.56,24.0,2024-11-30 09:00,09:01:08
London,12.3,94,7.9,19.055,23.865,405.15,69.56,24.0,2024-11-30 09:00,09:11:08
London,12.3,94,7.9,19.055,23.865,405.15,69.56,24.0,2024-11-30 09:15,09:21:09
London,12.4,100,7.9,19.055,23.865,405.15,69.56,24.0,2024-11-30 09:30,09:31:09
London,12.4,100,7.9,19.055,23.865,405.15,69.56,24.0,2024-11-30 09:30,09:41:14
London,10.2,100,7.9,19.055,23.865,405.15,69.56,24.0,2024-11-30 09:45,09:51:14
London,12.3,100,7.6,20.535,25.9,418.1,74.555,21.0,2024-11-30 10:00,10:01:15
London,12.3,100,7.6,20.535,25.9,418.1,74.555,21.0,2024-11-30 10:00,10:11:15
London,12.4,100,7.6,20.535,25.9,418.1,74.555,21.0,2024-11-30 10:15,10:21:15
London,13.4,94,7.6,20.535,25.9,418.1,74.555,21.0,2024-11-30 10:15,10:31:16
London,13.4,94,7.6,20.535,25.9,418.1,74.555,21.0,2024-11-30 10:30,10:41:16
London,13.4,94,7.6,20.535,25.9,418.1,74.555,21.0,2024-11-30 10:45,10:51:16
London,13.4,94,7.6,20.535,25.9,418.1,74.555,21.0,2024-11-30 10:45,11:01:16
London,13.3,94,7.6,20.535,25.9,418.1,74.555,21.0,2024-11-30 10:45,11:11:17
London,13.2,94,8.6,18.13,26.085,340.4,59.57,26.0,2024-11-30 11:15,11:21:17
London,14.1,88,8.6,18.13,26.085,340.4,59.57,26.0,2024-11-30 11:30,11:31:18
London,14.1,88,8.6,18.13,26.085,340.4,59.57,26.0,2024-11-30 11:30,11:41:18
London,14.1,88,9.7,15.54,27.38,336.7,57.535,33.0,2024-11-30 12:00,11:51:18
London,14.1,88,9.7,15.54,27.38,336.7,57.535,33.0,2024-11-30 12:00,12:01:18
London,14.1,88,9.7,15.54,27.38,336.7,57.535,33.0,2024-11-30 12:00,12:11:19
London,14.2,88,9.7,15.54,27.38,336.7,57.535,33.0,2024-11-30 12:15,12:21:23
London,14.2,88,9.7,15.54,27.38,336.7,57.535,33.0,2024-11-30 12:15,12:31:24
London,14.3,88,9.7,15.54,27.38,336.7,57.535,33.0,2024-11-30 12:30,12:41:24
London,14.4,88,9.7,15.54,27.38,336.7,57.535,33.0,2024-11-30 12:45,12:51:24
London,14.4,88,9.7,15.54,27.38,336.7,57.535,33.0,2024-11-30 12:45,13:01:25
London,14.2,88,9.7,15.54,27.38,336.7,57.535,33.0,2024-11-30 12:45,13:11:25
London,14.4,88,10.8,15.54,27.01,323.75,57.72,35.0,2024-11-30 13:15,13:21:25
London,14.4,88,10.8,15.54,27.01,323.75,57.72,35.0,2024-11-30 13:30,13:31:25
London,14.2,88,10.8,15.54,27.01,323.75,57.72,35.0,2024-11-30 13:15,13:41:26
London,14.1,88,10.8,15.54,27.01,323.75,57.72,35.0,2024-11-30 13:45,13:51:26
London,14.1,88,12.6,14.8,24.975,325.6,59.94,34.0,2024-11-30 14:00,14:01:26
London,14.4,88,10.8,15.54,27.01,323.75,57.72,35.0,2024-11-30 13:45,14:11:27
London,15.3,82,12.6,14.8,24.975,325.6,59.94,34.0,2024-11-30 14:15,14:21:27
London,15.3,82,12.6,14.8,24.975,325.6,59.94,34.0,2024-11-30 14:30,14:31:27
London,15.3,82,12.6,14.8,24.975,325.6,59.94,34.0,2024-11-30 14:30,14:41:28
London,15.3,82,12.6,14.8,24.975,325.6,59.94,34.0,2024-11-30 14:45,14:51:28
London,15.3,82,12.2,14.985,23.68,334.85,62.715,30.0,2024-11-30 15:00,15:01:29
London,15.3,82,12.2,14.985,23.68,334.85,62.715,30.0,2024-11-30 15:00,15:11:39
London,14.2,88,12.2,14.985,23.68,334.85,62.715,30.0,2024-11-30 15:15,15:21:43
London,14.0,82,12.2,14.985,23.68,334.85,62.715,30.0,2024-11-30 15:30,15:31:43
London,14.0,82,12.2,14.985,23.68,334.85,62.715,30.0,2024-11-30 15:45,15:41:44
London,14.2,82,11.2,15.91,24.42,336.7,66.785,18.0,2024-11-30 16:00,15:51:44
London,14.3,82,11.2,15.91,24.42,336.7,66.785,18.0,2024-11-30 16:00,16:01:44
London,14.3,82,11.2,15.91,24.42,336.7,66.785,18.0,2024-11-30 16:00,16:11:45
London,14.4,82,11.2,15.91,24.42,336.7,66.785,18.0,2024-11-30 16:15,16:21:45
London,14.3,82,11.2,15.91,24.42,336.7,66.785,18.0,2024-11-30 16:30,16:31:45
London,14.3,82,11.2,15.91,24.42,336.7,66.785,18.0,2024-11-30 16:30,16:41:46
London,14.3,82,11.2,15.91,24.42,336.7,66.785,18.0,2024-11-30 16:45,16:51:46
London,14.1,82,11.5,17.205,25.715,342.25,62.715,18.0,2024-11-30 17:00,17:01:47
London,14.1,82,11.5,17.205,25.715,342.25,62.715,18.0,2024-11-30 17:15,17:11:54
London,13.4,94,11.5,17.205,25.715,342.25,62.715,18.0,2024-11-30 17:15,17:21:55
London,13.0,94,11.5,17.205,25.715,342.25,62.715,18.0,2024-11-30 17:15,17:31:55
London,13.0,94,11.5,17.205,25.715,342.25,62.715,18.0,2024-11-30 17:30,17:41:56
London,13.3,94,12.2,17.76,25.345,342.25,62.16,19.0,2024-11-30 18:00,17:51:57
London,13.3,94,11.5,17.205,25.715,342.25,62.715,18.0,2024-11-30 17:45,18:01:57
London,13.3,94,12.2,17.76,25.345,342.25,62.16,19.0,2024-11-30 18:00,18:11:57
London,13.1,94,12.2,17.76,25.345,342.25,62.16,19.0,2024-11-30 18:00,18:21:58
London,13.1,94,12.2,17.76,25.345,342.25,62.16,19.0,2024-11-30 18:30,18:31:58
London,13.1,94,12.2,17.76,25.345,342.25,62.16,19.0,2024-11-30 18:15,18:41:58
London,13.1,94,12.2,17.76,25.345,342.25,62.16,19.0,2024-11-30 18:30,18:51:59
London,13.2,94,12.2,17.76,25.345,342.25,62.16,19.0,2024-11-30 18:45,19:01:59
London,13.2,94,12.2,17.76,25.345,342.25,62.16,19.0,2024-11-30 18:45,19:12:09
London,13.3,94,12.2,17.205,24.05,325.6,59.015,24.0,2024-11-30 19:15,19:22:09
London,13.0,94,12.2,17.205,24.05,325.6,59.015,24.0,2024-11-30 19:15,19:32:14
London,13.0,94,12.2,17.205,24.05,325.6,59.015,24.0,2024-11-30 19:30,19:42:14
London,13.1,94,12.2,17.205,24.05,325.6,59.015,24.0,2024-11-30 19:45,19:52:23
London,13.1,94,12.6,15.91,22.015,310.8,56.61,27.0,2024-11-30 20:15,20:02:23
London,13.1,94,12.6,15.91,22.015,310.8,56.61,27.0,2024-11-30 20:00,20:12:23
London,13.3,94,12.6,15.91,22.015,310.8,56.61,27.0,2024-11-30 20:15,20:22:24
London,13.4,94,12.6,15.91,22.015,310.8,56.61,27.0,2024-11-30 20:30,20:32:24
London,13.4,94,12.6,15.91,22.015,310.8,56.61,27.0,2024-11-30 20:30,20:42:24
London,12.2,94,12.6,15.91,22.015,310.8,56.61,27.0,2024-11-30 20:45,20:52:25
London,12.1,94,12.6,15.91,22.015,310.8,56.61,27.0,2024-11-30 20:45,21:02:25
London,12.1,94,12.6,15.91,22.015,310.8,56.61,27.0,2024-11-30 20:45,21:12:25
London,13.1,94,12.6,14.8,20.72,296.0,49.395,31.0,2024-11-30 21:15,21:22:26
London,13.1,94,12.6,14.8,20.72,296.0,49.395,31.0,2024-11-30 21:30,21:32:26
London,13.1,94,12.6,14.8,20.72,296.0,49.395,31.0,2024-11-30 21:30,21:42:26
London,12.1,94,12.6,14.8,20.72,296.0,49.395,31.0,2024-11-30 21:45,21:52:28
London,12.4,94,12.6,14.8,20.72,296.0,49.395,31.0,2024-11-30 21:45,22:02:28
London,12.4,94,14.0,13.875,18.685,288.6,45.325,32.0,2024-11-30 22:00,22:12:28
London,12.1,94,14.0,13.875,18.685,288.6,45.325,32.0,2024-11-30 22:00,22:22:29
London,12.1,94,14.0,13.875,18.685,288.6,45.325,32.0,2024-11-30 22:15,22:32:34
London,12.1,94,14.0,13.875,18.685,288.6,45.325,32.0,2024-11-30 22:30,22:42:34
London,11.1,94,14.0,13.875,18.685,288.6,45.325,32.0,2024-11-30 22:45,22:52:35
London,11.1,94,13.3,13.135,18.13,288.6,38.48,39.0,2024-11-30 23:00,23:02:35
London,11.1,94,13.3,13.135,18.13,288.6,38.48,39.0,2024-11-30 23:00,23:12:35
London,11.3,94,13.3,13.135,18.13,288.6,38.48,39.0,2024-11-30 23:15,23:22:36
London,11.4,94,13.3,13.135,18.13,288.6,38.48,39.0,2024-11-30 23:30,23:32:36
London,11.4,94,13.3,13.135,18.13,288.6,38.48,39.0,2024-11-30 23:15,23:42:44
London,11.3,94,13.3,13.135,18.13,288.6,38.48,39.0,2024-11-30 23:45,23:52:44
London,11.3,94,13.3,11.47,17.02,286.75,28.86,48.0,2024-12-01 00:00,00:02:47
London,11.3,94,14.8,11.47,17.02,286.75,28.86,48.0,2024-12-01 00:00,00:12:48
London,11.1,94,14.8,11.47,17.02,286.75,28.86,48.0,2024-12-01 00:00,00:22:48
London,11.4,94,14.8,11.47,17.02,286.75,28.86,48.0,2024-12-01 00:30,00:32:48
London,11.4,94,14.8,11.47,17.02,286.75,28.86,48.0,2024-12-01 00:30,00:42:49
London,11.2,94,14.8,11.47,17.02,286.75,28.86,48.0,2024-12-01 00:30,00:52:49
London,11.4,94,14.8,11.47,17.02,286.75,28.86,48.0,2024-12-01 01:00,01:02:52
London,11.4,94,14.8,11.47,17.02,286.75,28.86,48.0,2024-12-01 01:00,01:12:52
London,12.2,94,14.8,11.47,17.02,286.75,28.86,48.0,2024-12-01 01:15,01:22:52
London,12.4,94,14.8,11.47,17.02,286.75,28.86,48.0,2024-12-01 01:30,01:32:53
London,12.4,94,14.8,11.47,17.02,286.75,28.86,48.0,2024-12-01 01:15,01:42:53
London,12.4,88,14.8,11.47,17.02,286.75,28.86,48.0,2024-12-01 01:45,01:52:53
London,12.3,88,15.5,11.655,16.835,290.45,26.27,46.0,2024-12-01 02:00,02:02:53
London,12.3,88,15.5,11.655,16.835,290.45,26.27,46.0,2024-12-01 02:15,02:12:54
London,11.4,94,15.5,11.655,16.835,290.45,26.27,46.0,2024-12-01 02:00,02:22:54
London,11.1,94,15.5,11.655,16.835,290.45,26.27,46.0,2024-12-01 02:30,02:32:54
London,11.1,94,15.5,11.655,16.835,290.45,26.27,46.0,2024-12-01 02:30,02:42:57
London,11.1,94,15.5,11.655,16.835,290.45,26.27,46.0,2024-12-01 02:45,02:52:57
London,11.2,94,17.6,12.21,16.465,281.2,23.495,48.0,2024-12-01 03:00,03:02:57
London,11.2,94,17.6,12.21,16.465,281.2,23.495,48.0,2024-12-01 03:00,03:12:58
London,11.3,94,17.6,12.21,16.465,281.2,23.495,48.0,2024-12-01 03:15,03:22:58
London,11.1,94,17.6,12.21,16.465,281.2,23.495,48.0,2024-12-01 03:30,03:32:58
London,11.1,94,17.6,12.21,16.465,281.2,23.495,48.0,2024-12-01 03:30,03:42:58
London,11.0,94,17.6,12.21,16.465,281.2,23.495,48.0,2024-12-01 03:45,03:52:59
London,11.2,94,18.7,12.21,16.28,270.1,19.61,54.0,2024-12-01 04:00,04:03:02
London,11.2,94,18.7,12.21,16.28,270.1,19.61,54.0,2024-12-01 04:00,04:13:02
London,11.2,94,18.7,12.21,16.28,270.1,19.61,54.0,2024-12-01 04:15,04:23:04
London,11.1,94,18.7,12.21,16.28,270.1,19.61,54.0,2024-12-01 04:30,04:33:04
London,11.1,94,18.7,12.21,16.28,270.1,19.61,54.0,2024-12-01 04:30,04:43:04
London,11.1,94,18.7,12.21,16.28,270.1,19.61,54.0,2024-12-01 04:45,04:53:05
London,11.0,94,19.1,9.99,15.54,270.1,17.575,59.0,2024-12-01 05:00,05:03:05
London,11.0,94,19.1,9.99,15.54,270.1,17.575,59.0,2024-12-01 05:00,05:13:05
London,11.4,94,19.1,9.99,15.54,270.1,17.575,59.0,2024-12-01 05:15,05:23:06
London,11.2,94,19.1,9.99,15.54,270.1,17.575,59.0,2024-12-01 05:30,05:33:07
London,11.2,94,19.1,9.99,15.54,270.1,17.575,59.0,2024-12-01 05:30,05:43:07
London,11.0,94,19.1,9.99,15.54,270.1,17.575,59.0,2024-12-01 05:45,05:53:07
London,11.2,94,19.4,10.915,15.355,275.65,22.385,56.0,2024-12-01 06:00,06:03:07
London,11.2,94,19.4,10.915,15.355,275.65,22.385,56.0,2024-12-01 06:00,06:13:08
London,11.0,94,19.4,10.915,15.355,275.65,22.385,56.0,2024-12-01 06:15,06:23:08
London,11.2,94,19.4,10.915,15.355,275.65,22.385,56.0,2024-12-01 06:30,06:33:08
London,11.2,94,19.4,10.915,15.355,275.65,22.385,56.0,2024-12-01 06:30,06:43:09
London,12.4,88,19.4,10.915,15.355,275.65,22.385,56.0,2024-12-01 06:45,06:53:09
London,12.1,88,20.5,12.21,15.54,292.3,32.93,47.0,2024-12-01 07:00,07:03:13
London,12.1,88,20.5,12.21,15.54,292.3,32.93,47.0,2024-12-01 07:00,07:13:14
London,12.1,94,20.5,12.21,15.54,292.3,32.93,47.0,2024-12-01 07:15,07:23:14
London,12.3,94,20.5,12.21,15.54,292.3,32.93,47.0,2024-12-01 07:15,07:33:14
London,12.3,94,20.5,12.21,15.54,292.3,32.93,47.0,2024-12-01 07:30,07:43:15
London,12.0,94,20.5,12.21,15.54,292.3,32.93,47.0,2024-12-01 07:45,07:53:15
London,12.3,94,20.5,12.21,15.54,292.3,32.93,47.0,2024-12-01 07:45,08:03:15
London,12.3,94,20.5,12.21,15.54,292.3,32.93,47.0,2024-12-01 07:45,08:13:15
London,12.3,94,20.5,12.21,16.28,316.35,42.18,44.0,2024-12-01 08:15,08:23:16
London,12.3,94,20.5,12.21,16.28,316.35,42.18,44.0,2024-12-01 08:30,08:33:16
London,12.3,94,20.5,12.21,16.28,316.35,42.18,44.0,2024-12-01 08:30,08:43:16
London,12.3,94,20.5,12.21,16.28,316.35,42.18,44.0,2024-12-01 08:45,08:53:17
London,12.2,94,18.7,13.135,16.835,308.95,45.88,43.0,2024-12-01 09:00,09:03:17
London,12.2,94,18.7,13.135,16.835,308.95,45.88,43.0,2024-12-01 09:00,09:13:17
London,13.0,88,18.7,13.135,16.835,308.95,45.88,43.0,2024-12-01 09:00,09:23:17
London,13.2,88,18.7,13.135,16.835,308.95,45.88,43.0,2024-12-01 09:15,09:33:18
London,13.2,88,18.7,13.135,16.835,308.95,45.88,43.0,2024-12-01 09:30,09:43:18
London,13.1,88,18.7,13.135,16.835,308.95,45.88,43.0,2024-12-01 09:45,09:53:18
London,13.2,88,18.7,11.655,18.87,294.15,46.805,45.0,2024-12-01 10:15,10:03:19
London,13.2,88,18.7,11.655,18.87,294.15,46.805,45.0,2024-12-01 10:00,10:13:19
London,13.1,88,18.7,11.655,18.87,294.15,46.805,45.0,2024-12-01 10:15,10:23:22
London,12.3,94,15.1,11.47,17.02,286.75,28.86,48.0,2024-12-01 10:30,10:33:23
London,12.3,94,18.7,11.655,18.87,294.15,46.805,45.0,2024-12-01 10:30,10:43:23
London,12.4,94,16.9,14.245,20.72,297.85,42.92,45.0,2024-12-01 11:00,10:53:23
London,12.3,94,18.7,11.655,18.87,294.15,46.805,45.0,2024-12-01 10:45,11:03:24
London,12.3,94,18.7,11.655,18.87,294.15,46.805,45.0,2024-12-01 10:45,11:13:24
London,12.2,94,16.9,14.245,20.72,297.85,42.92,45.0,2024-12-01 11:00,11:23:24
London,12.2,94,16.9,14.245,20.72,297.85,42.92,45.0,2024-12-01 11:15,11:33:25
London,12.2,94,16.9,14.245,20.72,297.85,42.92,45.0,2024-12-01 11:15,11:43:25
London,12.0,94,16.2,14.245,16.835,305.25,34.78,41.0,2024-12-01 11:45,11:53:27
London,12.2,94,14.4,12.95,18.315,299.7,32.005,42.0,2024-12-01 12:00,12:03:27
London,12.2,94,14.4,12.95,18.315,299.7,32.005,42.0,2024-12-01 12:00,12:13:28
London,12.0,100,14.4,12.95,18.315,299.7,32.005,42.0,2024-12-01 12:15,12:23:28
London,12.1,100,14.4,12.95,18.315,299.7,32.005,42.0,2024-12-01 12:30,12:33:29
London,12.1,100,14.4,12.95,18.315,299.7,32.005,42.0,2024-12-01 12:30,12:43:32
London,12.3,100,14.4,12.95,18.315,299.7,32.005,42.0,2024-12-01 12:45,12:53:33
London,12.4,100,14.4,12.395,21.83,292.3,31.08,42.0,2024-12-01 13:00,13:03:34
London,12.4,100,14.4,12.395,21.83,292.3,31.08,42.0,2024-12-01 13:15,13:13:35
London,12.3,100,14.4,12.395,21.83,292.3,31.08,42.0,2024-12-01 13:15,13:23:35
London,12.4,100,14.4,12.395,21.83,292.3,31.08,42.0,2024-12-01 13:30,13:33:35
London,12.4,100,14.4,12.395,21.83,292.3,31.08,42.0,2024-12-01 13:30,13:43:36
London,12.2,100,14.4,12.395,21.83,292.3,31.08,42.0,2024-12-01 13:45,13:53:36
London,12.4,100,14.8,11.655,15.355,284.9,32.19,44.0,2024-12-01 14:00,14:03:36
London,12.4,100,14.8,11.655,15.355,284.9,32.19,44.0,2024-12-01 14:15,14:13:36
London,13.3,94,14.8,11.655,15.355,284.9,32.19,44.0,2024-12-01 14:15,14:23:37
London,13.3,94,14.8,11.655,15.355,284.9,32.19,44.0,2024-12-01 14:15,14:33:37
London,13.3,94,14.8,11.655,15.355,284.9,32.19,44.0,2024-12-01 14:30,14:43:38
London,13.3,100,14.8,11.655,15.355,284.9,32.19,44.0,2024-12-01 14:30,14:53:38
London,13.1,100,14.8,11.655,15.355,284.9,32.19,44.0,2024-12-01 14:45,15:03:38
London,13.1,100,14.4,9.25,11.47,273.8,34.225,41.0,2024-12-01 15:00,15:13:39
London,13.1,100,14.4,9.25,11.47,273.8,34.225,41.0,2024-12-01 15:15,15:23:39
London,13.1,100,14.4,9.25,11.47,273.8,34.225,41.0,2024-12-01 15:30,15:33:42
London,13.1,100,14.4,9.25,11.47,273.8,34.225,41.0,2024-12-01 15:30,15:43:43
London,13.1,100,14.4,9.25,11.47,273.8,34.225,41.0,2024-12-01 15:30,15:53:43
London,13.2,100,14.4,9.25,11.47,273.8,34.225,41.0,2024-12-01 15:45,16:03:43
London,13.2,100,15.1,8.695,12.395,279.35,38.85,38.0,2024-12-01 16:00,16:13:44
London,13.2,88,15.1,8.695,12.395,279.35,38.85,38.0,2024-12-01 16:15,16:23:44
London,12.2,88,15.1,8.695,12.395,279.35,38.85,38.0,2024-12-01 16:30,16:33:45
London,12.2,88,15.1,8.695,12.395,279.35,38.85,38.0,2024-12-01 16:30,16:43:46
London,12.2,88,15.1,8.695,12.395,279.35,38.85,38.0,2024-12-01 16:45,16:53:46
London,12.2,88,16.2,9.805,12.765,275.65,49.58,36.0,2024-12-01 17:00,17:03:46
London,12.2,88,16.2,9.805,12.765,275.65,49.58,36.0,2024-12-01 17:00,17:13:47
London,12.1,88,16.2,9.805,12.765,275.65,49.58,36.0,2024-12-01 17:15,17:23:47
London,12.4,94,16.2,9.805,12.765,275.65,49.58,36.0,2024-12-01 17:15,17:33:47
London,12.4,94,16.2,9.805,12.765,275.65,49.58,36.0,2024-12-01 17:30,17:43:47
London,12.3,94,16.2,9.805,12.765,275.65,49.58,36.0,2024-12-01 17:30,17:53:48
London,12.1,94,15.8,12.025,14.8,284.9,54.945,37.0,2024-12-01 18:00,18:03:48
London,12.1,94,16.2,9.805,12.765,275.65,49.58,36.0,2024-12-01 17:45,18:13:48
London,12.2,94,15.8,12.025,14.8,284.9,54.945,37.0,2024-12-01 18:00,18:23:49
London,12.0,94,15.8,12.025,14.8,284.9,54.945,37.0,2024-12-01 18:30,18:33:49
London,12.0,94,15.8,12.025,14.8,284.9,54.945,37.0,2024-12-01 18:30,18:43:53
London,12.1,94,15.8,12.025,14.8,284.9,54.945,37.0,2024-12-01 18:30,18:53:53
London,12.0,94,16.2,11.47,17.945,283.05,52.91,49.0,2024-12-01 19:15,19:03:53
London,12.0,94,16.2,11.47,17.945,283.05,52.91,49.0,2024-12-01 19:00,19:13:57
London,12.2,94,16.2,11.47,17.945,283.05,52.91,49.0,2024-12-01 19:15,19:23:57
London,12.4,94,16.2,11.47,17.945,283.05,52.91,49.0,2024-12-01 19:15,19:33:57
London,12.4,94,16.2,11.47,17.945,283.05,52.91,49.0,2024-12-01 19:30,19:43:58
London,12.1,94,16.2,11.47,17.945,283.05,52.91,49.0,2024-12-01 19:30,19:53:58
London,12.4,94,16.6,10.73,17.02,277.5,41.255,53.0,2024-12-01 20:00,20:03:58
London,12.4,94,16.6,10.73,17.02,277.5,41.255,53.0,2024-12-01 20:15,20:13:58
London,12.1,94,15.1,14.06,18.685,283.05,22.94,53.0,2024-12-01 20:15,20:23:59
London,13.1,88,16.6,10.73,17.02,277.5,41.255,53.0,2024-12-01 20:30,20:33:59
London,13.1,88,16.6,10.73,17.02,277.5,41.255,53.0,2024-12-01 20:30,20:44:04
London,13.3,88,16.6,10.73,17.02,277.5,41.255,53.0,2024-12-01 20:45,20:54:05
London,13.2,88,16.6,10.73,17.02,277.5,41.255,53.0,2024-12-01 20:45,21:04:06
London,13.2,88,16.6,10.73,17.02,277.5,41.255,53.0,2024-12-01 20:45,21:14:06
London,12.3,88,18.4,9.805,17.575,279.35,34.225,54.0,2024-12-01 21:00,21:24:08
London,12.4,88,18.4,9.805,17.575,279.35,34.225,54.0,2024-12-01 21:30,21:34:14
London,12.4,88,18.4,9.805,17.575,279.35,34.225,54.0,2024-12-01 21:15,21:44:14
London,12.4,88,18.4,9.805,17.575,279.35,34.225,54.0,2024-12-01 21:30,21:54:14
London,12.2,88,18.4,9.805,17.575,279.35,34.225,54.0,2024-12-01 21:45,22:04:16
London,12.2,88,16.6,9.62,17.76,277.5,30.525,54.0,2024-12-01 22:00,22:14:16
London,12.0,88,16.6,9.62,17.76,277.5,30.525,54.0,2024-12-01 22:15,22:24:17
London,12.2,88,16.6,9.62,17.76,277.5,30.525,54.0,2024-12-01 22:30,22:34:17
London,12.2,88,16.6,9.62,17.76,277.5,30.525,54.0,2024-12-01 22:30,22:44:17
London,12.3,88,16.6,9.62,17.76,277.5,30.525,54.0,2024-12-01 22:45,22:54:17
London,12.4,88,16.6,9.62,17.76,277.5,30.525,54.0,2024-12-01 22:45,23:04:18
London,12.4,88,16.6,9.62,17.76,277.5,30.525,54.0,2024-12-01 22:45,23:14:18
London,12.3,94,15.1,9.065,17.02,270.1,27.195,57.0,2024-12-01 23:15,23:24:18
London,12.3,88,15.1,9.065,17.02,270.1,27.195,57.0,2024-12-01 23:30,23:34:19
London,12.3,88,15.1,9.065,17.02,270.1,27.195,57.0,2024-12-01 23:30,23:44:19
London,12.4,88,16.2,9.065,17.02,270.1,27.195,57.0,2024-12-01 23:30,23:54:23
London,12.1,88,15.1,7.215,13.135,262.7,20.72,56.0,2024-12-02 00:00,00:04:23
London,12.1,88,15.1,7.215,13.135,262.7,20.72,56.0,2024-12-02 00:00,00:14:24
London,12.2,88,15.1,7.215,13.135,262.7,20.72,56.0,2024-12-02 00:00,00:24:24
London,12.3,88,15.1,7.215,13.135,262.7,20.72,56.0,2024-12-02 00:30,00:34:24
London,12.3,88,15.1,7.215,13.135,262.7,20.72,56.0,2024-12-02 00:15,00:44:24
London,12.3,88,15.1,7.215,13.135,262.7,20.72,56.0,2024-12-02 00:30,00:54:25
London,12.3,88,15.1,7.215,13.135,262.7,20.72,56.0,2024-12-02 00:45,01:04:25
London,12.3,88,15.1,7.215,13.135,262.7,20.72,56.0,2024-12-02 00:45,01:14:27
London,11.3,94,15.1,7.215,13.135,262.7,20.72,56.0,2024-12-02 01:15,01:24:27
London,11.2,94,15.1,7.215,13.135,262.7,20.72,56.0,2024-12-02 01:15,01:34:27
London,11.2,94,15.1,7.215,13.135,262.7,20.72,56.0,2024-12-02 01:30,01:44:27
London,11.0,87,15.1,7.215,13.135,262.7,20.72,56.0,2024-12-02 01:45,01:54:28
London,11.1,87,16.2,6.66,12.95,262.7,14.8,57.0,2024-12-02 02:00,02:04:28
London,11.1,87,15.1,7.215,13.135,262.7,20.72,56.0,2024-12-02 01:45,02:14:28
London,11.3,87,16.2,6.66,12.95,262.7,14.8,57.0,2024-12-02 02:15,02:24:28
London,11.4,87,16.2,6.66,12.95,262.7,14.8,57.0,2024-12-02 02:15,02:34:29
London,11.4,87,16.2,6.66,12.95,262.7,14.8,57.0,2024-12-02 02:30,02:44:29
London,12.2,82,16.9,6.66,13.32,264.55,12.21,57.0,2024-12-02 03:00,02:54:33
London,12.3,82,16.9,6.66,13.32,264.55,12.21,57.0,2024-12-02 03:00,03:04:34
London,12.3,82,16.9,6.66,13.32,264.55,12.21,57.0,2024-12-02 03:00,03:14:34
London,11.4,87,16.9,6.66,13.32,264.55,12.21,57.0,2024-12-02 03:15,03:24:34
London,11.4,87,16.9,6.66,13.32,264.55,12.21,57.0,2024-12-02 03:30,03:34:35
London,11.4,87,16.9,6.66,13.32,264.55,12.21,57.0,2024-12-02 03:15,03:44:35
London,11.3,82,16.9,6.66,13.32,264.55,12.21,57.0,2024-12-02 03:45,03:54:36
London,11.1,82,18.4,6.475,14.06,266.4,15.54,56.0,2024-12-02 04:00,04:04:36
London,11.1,82,18.4,6.475,14.06,266.4,15.54,56.0,2024-12-02 04:00,04:14:36
London,11.4,82,18.4,6.475,14.06,266.4,15.54,56.0,2024-12-02 04:15,04:24:36
London,11.2,82,18.4,6.475,14.06,266.4,15.54,56.0,2024-12-02 04:30,04:34:37
London,11.2,82,18.4,6.475,14.06,266.4,15.54,56.0,2024-12-02 04:30,04:44:37
London,11.1,82,18.4,6.475,14.06,266.4,15.54,56.0,2024-12-02 04:45,04:54:37
London,11.2,82,19.1,6.29,12.765,268.25,16.095,54.0,2024-12-02 05:00,05:04:38
London,11.2,82,18.4,6.475,14.06,266.4,15.54,56.0,2024-12-02 04:45,05:14:38
London,10.0,87,19.1,6.29,12.765,268.25,16.095,54.0,2024-12-02 05:00,05:24:38
London,10.0,87,19.1,6.29,12.765,268.25,16.095,54.0,2024-12-02 05:30,05:34:38
London,10.0,87,19.1,6.29,12.765,268.25,16.095,54.0,2024-12-02 05:30,05:44:39
London,10.0,87,19.1,6.29,12.765,268.25,16.095,54.0,2024-12-02 05:45,05:54:43
London,10.1,87,18.7,7.4,11.84,273.8,18.13,50.0,2024-12-02 06:00,06:04:45
London,10.1,87,17.3,7.4,11.84,273.8,18.13,50.0,2024-12-02 06:00,06:14:45
London,9.1,87,17.3,7.4,11.84,273.8,18.13,50.0,2024-12-02 06:15,06:24:46
London,9.1,87,17.3,7.4,11.84,273.8,18.13,50.0,2024-12-02 06:30,06:34:46
London,9.1,87,17.3,7.4,11.84,273.8,18.13,50.0,2024-12-02 06:30,06:44:46
London,9.1,87,17.3,7.4,11.84,273.8,18.13,50.0,2024-12-02 06:30,06:54:47
London,9.0,87,17.3,7.4,11.84,273.8,18.13,50.0,2024-12-02 06:45,07:04:47
London,9.0,87,17.3,7.4,11.84,273.8,18.13,50.0,2024-12-02 06:45,07:14:47
London,9.0,87,16.2,7.77,13.875,290.45,28.305,47.0,2024-12-02 07:15,07:24:48
London,9.1,87,16.2,7.77,13.875,290.45,28.305,47.0,2024-12-02 07:30,07:34:48
London,9.1,87,16.2,7.77,13.875,290.45,28.305,47.0,2024-12-02 07:30,07:44:48
London,9.1,87,16.2,7.77,13.875,290.45,28.305,47.0,2024-12-02 07:45,07:54:48
London,9.4,87,16.2,7.77,13.875,290.45,28.305,47.0,2024-12-02 07:45,08:04:49
London,9.4,87,15.8,7.585,14.43,312.65,43.475,38.0,2024-12-02 08:00,08:14:49
London,8.4,93,15.8,7.585,14.43,312.65,43.475,38.0,2024-12-02 08:15,08:24:53
London,8.4,93,15.8,7.585,14.43,312.65,43.475,38.0,2024-12-02 08:30,08:34:53
London,8.4,93,15.8,7.585,14.43,312.65,43.475,38.0,2024-12-02 08:30,08:44:54
London,8.3,93,15.8,7.585,14.43,312.65,43.475,38.0,2024-12-02 08:45,08:54:54
London,8.1,93,15.5,7.03,12.95,310.8,49.395,39.0,2024-12-02 09:15,09:04:54
London,8.1,93,15.5,7.03,12.95,310.8,49.395,39.0,2024-12-02 09:00,09:14:54
London,9.3,87,15.5,7.03,12.95,310.8,49.395,39.0,2024-12-02 09:15,09:24:55
London,9.4,87,15.5,7.03,12.95,310.8,49.395,39.0,2024-12-02 09:30,09:34:57
London,9.4,87,15.5,7.03,12.95,310.8,49.395,39.0,2024-12-02 09:30,09:44:58
London,9.2,87,15.5,7.03,12.95,310.8,49.395,39.0,2024-12-02 09:45,09:54:58
London,9.4,87,15.1,6.29,12.58,316.35,48.84,42.0,2024-12-02 10:00,10:04:58
London,9.4,87,15.5,7.03,12.95,310.8,49.395,39.0,2024-12-02 09:45,10:14:58
London,9.2,87,15.1,6.29,12.58,316.35,48.84,42.0,2024-12-02 10:15,10:24:59
London,10.2,82,15.1,6.29,12.58,316.35,48.84,42.0,2024-12-02 10:30,10:34:59
London,10.2,82,15.1,6.29,12.58,316.35,48.84,42.0,2024-12-02 10:30,10:45:05
London,10.3,82,15.1,6.29,12.58,316.35,48.84,42.0,2024-12-02 10:45,10:55:05
London,10.1,82,16.6,6.105,12.395,325.6,44.03,41.0,2024-12-02 11:00,11:05:05
London,10.1,82,16.6,6.105,12.395,325.6,44.03,41.0,2024-12-02 11:00,11:15:05
London,10.3,82,16.6,6.105,12.395,325.6,44.03,41.0,2024-12-02 11:30,11:25:06
London,11.4,71,16.6,6.105,12.395,325.6,44.03,41.0,2024-12-02 11:30,11:35:08
London,11.4,71,16.6,6.105,12.395,325.6,44.03,41.0,2024-12-02 11:30,11:45:09
London,11.2,71,16.2,4.81,10.915,310.8,31.265,58.0,2024-12-02 11:45,11:55:09
London,11.2,71,18.4,4.07,9.065,301.55,23.68,61.0,2024-12-02 12:00,12:05:12
London,8.2,87,16.2,4.81,10.915,310.8,31.265,58.0,2024-12-02 11:45,12:15:13
London,10.4,76,18.4,4.07,9.065,301.55,23.68,61.0,2024-12-02 12:15,12:25:13
London,10.3,76,18.4,4.07,9.065,301.55,23.68,61.0,2024-12-02 12:15,12:35:13
London,10.3,76,18.4,4.07,9.065,301.55,23.68,61.0,2024-12-02 12:30,12:45:14
London,10.4,76,18.4,4.07,9.065,301.55,23.68,61.0,2024-12-02 12:30,12:55:14
London,10.2,76,19.4,4.44,8.325,294.15,21.46,64.0,2024-12-02 13:00,13:05:14
London,10.2,76,19.4,4.44,8.325,294.15,21.46,64.0,2024-12-02 13:00,13:15:14
London,10.4,76,19.4,4.44,8.325,294.15,21.46,64.0,2024-12-02 13:15,13:25:15
London,10.3,76,19.4,4.44,8.325,294.15,21.46,64.0,2024-12-02 13:30,13:35:15
London,10.3,76,19.4,4.44,8.325,294.15,21.46,64.0,2024-12-02 13:45,13:45:16
London,10.3,76,19.4,4.44,8.325,294.15,21.46,64.0,2024-12-02 13:45,13:55:16
London,10.0,76,20.5,4.995,8.325,296.0,24.975,62.0,2024-12-02 14:00,14:05:16
London,10.0,76,20.5,4.995,8.325,296.0,24.975,62.0,2024-12-02 14:00,14:15:17
London,10.3,71,20.5,4.995,8.325,296.0,24.975,62.0,2024-12-02 14:15,14:25:17
London,10.4,71,20.5,4.995,8.325,296.0,24.975,62.0,2024-12-02 14:30,14:35:17
London,10.4,71,20.5,4.995,8.325,296.0,24.975,62.0,2024-12-02 14:15,14:45:17
London,10.1,71,20.5,4.995,8.325,296.0,24.975,62.0,2024-12-02 14:45,14:55:18
London,10.3,71,20.2,5.18,8.325,299.7,28.12,61.0,2024-12-02 15:00,15:05:18
London,10.3,71,20.2,5.18,8.325,299.7,28.12,61.0,2024-12-02 15:00,15:15:18
London,10.1,71,20.2,5.18,8.325,299.7,28.12,61.0,2024-12-02 15:15,15:25:19
London,9.2,71,20.2,5.18,8.325,299.7,28.12,61.0,2024-12-02 15:15,15:35:19
London,9.2,71,20.2,5.18,8.325,299.7,28.12,61.0,2024-12-02 15:30,15:45:23
London,9.4,71,20.2,5.18,8.325,299.7,28.12,61.0,2024-12-02 15:45,15:55:24
London,8.2,76,19.8,6.105,11.47,320.05,32.005,48.0,2024-12-02 16:00,16:05:24
London,9.2,71,19.8,6.105,11.47,320.05,32.005,48.0,2024-12-02 16:00,16:15:24
London,9.4,71,19.8,6.105,11.47,320.05,32.005,48.0,2024-12-02 16:15,16:25:28
London,9.2,71,19.8,6.105,11.47,320.05,32.005,48.0,2024-12-02 16:15,16:35:34
London,9.2,71,19.8,6.105,11.47,320.05,32.005,48.0,2024-12-02 16:30,16:45:35
London,9.0,71,19.8,6.105,11.47,320.05,32.005,48.0,2024-12-02 16:45,16:55:35
London,9.3,71,18.4,7.4,12.58,316.35,35.335,45.0,2024-12-02 17:00,17:05:35
London,9.3,71,18.4,7.4,12.58,316.35,35.335,45.0,2024-12-02 17:15,17:15:44
London,9.0,71,18.4,7.4,12.58,316.35,35.335,45.0,2024-12-02 17:00,17:25:44
London,9.2,71,18.4,7.4,12.58,316.35,35.335,45.0,2024-12-02 17:15,17:35:45
London,9.2,71,17.6,7.4,12.58,316.35,35.335,45.0,2024-12-02 17:45,17:45:45
London,9.2,71,17.6,7.4,12.58,316.35,35.335,45.0,2024-12-02 17:45,17:55:45
London,9.1,71,16.6,8.14,15.355,327.45,41.81,49.0,2024-12-02 18:00,18:05:48
London,9.1,71,17.6,7.4,12.58,316.35,35.335,45.0,2024-12-02 17:45,18:15:48
London,8.3,76,16.6,8.14,15.355,327.45,41.81,49.0,2024-12-02 18:00,18:25:48
London,8.4,81,16.6,8.14,15.355,327.45,41.81,49.0,2024-12-02 18:30,18:35:49
London,8.4,81,16.6,8.14,15.355,327.45,41.81,49.0,2024-12-02 18:15,18:45:53
London,8.0,81,16.6,8.14,15.355,327.45,41.81,49.0,2024-12-02 18:45,18:55:54
London,8.4,81,15.8,9.435,17.205,331.15,34.225,49.0,2024-12-02 19:00,19:05:54
London,8.4,81,15.8,9.435,17.205,331.15,34.225,49.0,2024-12-02 19:15,19:15:54
London,8.3,81,15.8,9.435,17.205,331.15,34.225,49.0,2024-12-02 19:15,19:25:54
London,8.3,81,15.8,9.435,17.205,331.15,34.225,49.0,2024-12-02 19:30,19:35:55
London,8.3,81,15.8,9.435,17.205,331.15,34.225,49.0,2024-12-02 19:45,19:45:55
London,8.3,81,15.8,9.435,17.205,331.15,34.225,49.0,2024-12-02 19:45,19:55:55
London,8.4,81,15.8,9.435,17.205,331.15,34.225,49.0,2024-12-02 19:45,20:05:56
London,8.2,87,16.2,10.175,16.65,329.3,31.635,48.0,2024-12-02 20:15,20:15:56
London,8.2,87,16.2,10.175,16.65,329.3,31.635,48.0,2024-12-02 20:15,20:25:56
London,8.2,87,16.2,10.175,16.65,329.3,31.635,48.0,2024-12-02 20:30,20:35:57
London,8.2,87,16.2,10.175,16.65,329.3,31.635,48.0,2024-12-02 20:15,20:45:57
London,8.1,87,16.2,10.175,16.65,329.3,31.635,48.0,2024-12-02 20:45,20:55:57
London,8.2,87,16.2,10.175,16.65,329.3,31.635,48.0,2024-12-02 20:45,21:05:57
London,8.2,87,16.9,11.655,18.13,336.7,39.405,46.0,2024-12-02 21:15,21:15:58
London,7.3,100,16.9,11.655,18.13,336.7,39.405,46.0,2024-12-02 21:15,21:25:58
London,7.1,100,16.9,11.655,18.13,336.7,39.405,46.0,2024-12-02 21:15,21:35:58
London,7.1,100,16.9,11.655,18.13,336.7,39.405,46.0,2024-12-02 21:45,21:45:58
London,7.1,93,16.9,11.655,18.13,336.7,39.405,46.0,2024-12-02 21:45,21:55:59
London,7.1,93,16.9,11.655,18.13,336.7,39.405,46.0,2024-12-02 21:45,22:05:59
London,7.1,93,16.9,12.765,21.09,345.95,40.7,43.0,2024-12-02 22:15,22:16:04
London,7.4,93,16.9,12.765,21.09,345.95,40.7,43.0,2024-12-02 22:15,22:26:04
London,7.3,93,16.9,12.765,21.09,345.95,40.7,43.0,2024-12-02 22:15,22:36:05
London,7.3,93,16.9,12.765,21.09,345.95,40.7,43.0,2024-12-02 22:45,22:46:05
London,7.0,87,16.9,12.765,21.09,345.95,40.7,43.0,2024-12-02 22:45,22:56:05
London,7.1,87,15.8,12.395,21.46,338.55,33.115,45.0,2024-12-02 23:00,23:06:06
London,7.1,87,15.8,12.395,21.46,338.55,33.115,45.0,2024-12-02 23:15,23:16:07
London,6.0,93,15.8,12.395,21.46,338.55,33.115,45.0,2024-12-02 23:15,23:26:07
London,6.3,93,15.8,12.395,21.46,338.55,33.115,45.0,2024-12-02 23:30,23:36:07
London,6.3,93,15.8,12.395,21.46,338.55,33.115,45.0,2024-12-02 23:30,23:46:08
London,6.3,87,15.8,12.395,21.46,338.55,33.115,45.0,2024-12-02 23:30,23:56:09
London,6.3,87,14.4,13.875,23.495,344.1,27.38,39.0,2024-12-03 00:00,00:06:09
London,5.3,93,14.4,13.875,23.495,344.1,27.38,39.0,2024-12-03 00:00,00:16:14
London,5.3,93,12.2,13.875,23.495,344.1,27.38,39.0,2024-12-03 00:15,00:26:14
London,5.4,93,12.2,13.875,23.495,344.1,27.38,39.0,2024-12-03 00:15,00:36:14
London,5.3,93,12.2,13.875,23.495,344.1,27.38,39.0,2024-12-03 00:45,00:46:15
London,5.3,93,12.2,13.875,23.495,344.1,27.38,39.0,2024-12-03 00:45,00:56:15
London,5.1,93,12.2,13.875,23.495,344.1,27.38,39.0,2024-12-03 00:45,01:06:16
London,4.2,100,12.2,13.875,23.495,344.1,27.38,39.0,2024-12-03 01:15,01:16:16
London,4.2,100,12.2,13.875,23.495,344.1,27.38,39.0,2024-12-03 01:00,01:26:17
London,4.2,100,12.2,13.875,23.495,344.1,27.38,39.0,2024-12-03 01:30,01:36:17
London,6.2,87,12.2,13.875,23.495,344.1,27.38,39.0,2024-12-03 01:45,01:46:19
London,6.2,87,12.2,13.875,23.495,344.1,27.38,39.0,2024-12-03 01:45,01:56:19
London,6.3,87,12.2,13.875,23.495,344.1,27.38,39.0,2024-12-03 01:45,02:06:22
London,6.1,87,11.5,14.8,24.79,344.1,27.38,36.0,2024-12-03 02:15,02:16:24
London,6.1,87,11.5,14.8,24.79,344.1,27.38,36.0,2024-12-03 02:15,02:26:24
London,6.3,87,11.5,14.8,24.79,344.1,27.38,36.0,2024-12-03 02:15,02:36:24
London,6.3,87,11.5,14.8,24.79,344.1,27.38,36.0,2024-12-03 02:30,02:46:24
London,6.1,81,11.5,14.8,24.79,344.1,27.38,36.0,2024-12-03 02:45,02:56:25
London,6.1,81,10.4,15.725,24.975,349.65,27.195,35.0,2024-12-03 03:00,03:06:25
London,6.4,87,10.4,15.725,24.975,349.65,27.195,35.0,2024-12-03 03:15,03:16:27
London,6.4,87,10.4,15.725,24.975,349.65,27.195,35.0,2024-12-03 03:15,03:26:28
London,6.3,87,10.4,15.725,24.975,349.65,27.195,35.0,2024-12-03 03:30,03:36:28
London,6.1,81,10.4,15.725,24.975,349.65,27.195,35.0,2024-12-03 03:30,03:46:28
London,6.1,81,10.4,15.725,24.975,349.65,27.195,35.0,2024-12-03 03:45,03:56:29
London,6.2,81,10.4,15.725,24.975,349.65,27.195,35.0,2024-12-03 03:45,04:06:29
London,6.0,81,9.0,15.91,25.715,347.8,26.27,37.0,2024-12-03 04:00,04:16:34
London,6.0,81,9.0,15.91,25.715,347.8,26.27,37.0,2024-12-03 04:00,04:26:34
London,6.1,81,9.0,15.91,25.715,347.8,26.27,37.0,2024-12-03 04:30,04:36:34
London,5.2,87,9.0,15.91,25.715,347.8,26.27,37.0,2024-12-03 04:30,04:46:35
London,5.2,87,9.0,15.91,25.715,347.8,26.27,37.0,2024-12-03 04:45,04:56:35
London,5.2,87,8.3,15.91,27.01,347.8,28.49,34.0,2024-12-03 05:00,05:06:35
London,5.2,87,8.3,15.91,27.01,347.8,28.49,34.0,2024-12-03 05:15,05:16:36
London,5.2,87,8.3,15.91,27.01,347.8,28.49,34.0,2024-12-03 05:15,05:26:36
London,5.1,87,8.3,15.91,27.01,347.8,28.49,34.0,2024-12-03 05:30,05:36:36
London,5.0,93,8.3,15.91,27.01,347.8,28.49,34.0,2024-12-03 05:45,05:46:36
London,5.0,93,8.3,15.91,27.01,347.8,28.49,34.0,2024-12-03 05:45,05:56:37
London,5.3,93,7.6,16.095,27.935,349.65,37.74,30.0,2024-12-03 06:00,06:06:37
London,5.1,93,7.6,16.095,27.935,349.65,37.74,30.0,2024-12-03 06:15,06:16:37
London,5.1,93,7.6,16.095,27.935,349.65,37.74,30.0,2024-12-03 06:15,06:26:38
London,5.3,87,7.6,16.095,27.935,349.65,37.74,30.0,2024-12-03 06:30,06:36:38
London,5.1,87,7.6,16.095,27.935,349.65,37.74,30.0,2024-12-03 06:45,06:46:38
London,5.1,87,7.6,16.095,27.935,349.65,37.74,30.0,2024-12-03 06:45,06:56:38
London,5.1,87,6.5,18.13,29.785,370.0,72.705,10.0,2024-12-03 07:00,07:06:44
London,5.3,93,6.5,18.13,29.785,370.0,72.705,10.0,2024-12-03 07:15,07:16:44
London,5.3,93,6.5,18.13,29.785,370.0,72.705,10.0,2024-12-03 07:15,07:26:44
London,5.4,87,6.5,18.13,29.785,370.0,72.705,10.0,2024-12-03 07:30,07:36:44
London,5.0,87,6.5,18.13,29.785,370.0,72.705,10.0,2024-12-03 07:30,07:46:45
London,5.0,87,6.5,18.13,29.785,370.0,72.705,10.0,2024-12-03 07:30,07:56:45
London,5.3,87,3.6,23.31,32.56,416.25,96.015,3.0,2024-12-03 08:15,08:06:46
London,5.0,93,3.6,23.31,32.56,416.25,96.015,3.0,2024-12-03 08:15,08:16:46
London,5.0,93,3.6,23.31,32.56,416.25,96.015,3.0,2024-12-03 08:15,08:26:46
London,5.3,87,3.6,23.31,32.56,416.25,96.015,3.0,2024-12-03 08:15,08:36:46
London,5.2,87,3.6,23.31,32.56,416.25,96.015,3.0,2024-12-03 08:45,08:46:47
London,5.2,87,3.6,23.31,32.56,416.25,96.015,3.0,2024-12-03 08:45,08:56:47
London,5.1,87,3.6,25.53,37.925,479.15,98.05,3.0,2024-12-03 09:00,09:06:47
London,5.4,93,3.6,25.53,37.925,479.15,98.05,3.0,2024-12-03 09:15,09:16:48
London,5.4,93,3.6,25.53,37.925,479.15,98.05,3.0,2024-12-03 09:15,09:26:48
London,4.3,100,3.6,25.53,37.925,479.15,98.05,3.0,2024-12-03 09:30,09:36:48
London,5.2,93,3.6,25.53,37.925,479.15,98.05,3.0,2024-12-03 09:45,09:46:48
London,5.2,93,3.6,25.53,37.925,479.15,98.05,3.0,2024-12-03 09:45,09:56:49
London,5.2,93,4.3,27.565,40.515,493.95,96.385,8.0,2024-12-03 10:00,10:06:49
London,6.3,87,4.3,27.565,40.515,493.95,96.385,8.0,2024-12-03 10:00,10:16:53
London,6.3,87,4.3,27.565,40.515,493.95,96.385,8.0,2024-12-03 10:00,10:26:53
London,6.3,87,4.3,27.565,40.515,493.95,96.385,8.0,2024-12-03 10:30,10:36:54
London,6.1,87,4.3,27.565,40.515,493.95,96.385,8.0,2024-12-03 10:45,10:46:54
London,6.1,87,4.3,27.565,40.515,493.95,96.385,8.0,2024-12-03 10:45,10:56:55
London,6.1,87,4.0,24.05,42.735,469.9,89.725,16.0,2024-12-03 11:15,11:06:55
London,7.2,81,4.0,24.05,42.735,469.9,89.725,16.0,2024-12-03 11:15,11:16:55
London,7.2,81,4.0,24.05,42.735,469.9,89.725,16.0,2024-12-03 11:15,11:26:56
London,8.3,71,4.0,24.05,42.735,469.9,89.725,16.0,2024-12-03 11:30,11:36:56
London,8.1,71,6.1,24.05,39.22,442.15,76.035,23.0,2024-12-03 11:30,11:46:56
London,8.1,71,6.1,24.05,39.22,442.15,76.035,23.0,2024-12-03 11:30,11:56:56
London,8.1,71,5.4,21.46,38.11,434.75,69.93,25.0,2024-12-03 12:15,12:06:57
London,8.1,71,5.4,21.46,38.11,434.75,69.93,25.0,2024-12-03 12:15,12:16:57
London,8.1,71,5.4,21.46,38.11,434.75,69.93,25.0,2024-12-03 12:00,12:26:57
London,8.2,71,5.4,21.46,38.11,434.75,69.93,25.0,2024-12-03 12:15,12:36:58
London,8.4,71,5.4,21.46,38.11,434.75,69.93,25.0,2024-12-03 12:30,12:46:58
London,8.4,71,5.4,21.46,38.11,434.75,69.93,25.0,2024-12-03 12:45,12:56:58
London,8.3,71,4.3,20.35,34.965,432.9,69.745,29.0,2024-12-03 13:00,13:06:59
London,8.2,76,4.3,20.35,34.965,432.9,69.745,29.0,2024-12-03 13:00,13:16:59
London,8.2,76,4.3,20.35,34.965,432.9,69.745,29.0,2024-12-03 13:00,13:27:13
London,8.0,71,4.3,20.35,34.965,432.9,69.745,29.0,2024-12-03 13:15,13:37:14
London,8.0,71,4.3,20.35,34.965,432.9,69.745,29.0,2024-12-03 13:30,13:47:14
London,8.0,71,4.3,20.35,34.965,432.9,69.745,29.0,2024-12-03 13:30,13:57:25
London,8.0,71,4.0,17.76,32.56,447.7,75.295,24.0,2024-12-03 14:00,14:07:25
London,8.1,71,4.0,17.76,32.56,447.7,75.295,24.0,2024-12-03 14:15,14:17:26
London,8.1,71,4.0,17.76,32.56,447.7,75.295,24.0,2024-12-03 14:00,14:27:26
London,7.2,76,4.0,17.76,32.56,447.7,75.295,24.0,2024-12-03 14:30,14:37:26
London,7.1,76,4.0,17.76,32.56,447.7,75.295,24.0,2024-12-03 14:30,14:47:27
London,7.1,76,4.0,17.76,32.56,447.7,75.295,24.0,2024-12-03 14:45,14:57:27
London,7.3,76,3.6,19.24,35.52,481.0,89.54,18.0,2024-12-03 15:00,15:07:28
London,7.3,76,3.6,19.24,35.52,481.0,89.54,18.0,2024-12-03 15:15,15:17:28
London,7.3,76,3.6,19.24,35.52,481.0,89.54,18.0,2024-12-03 15:00,15:27:28
London,7.1,76,3.6,19.24,35.52,481.0,89.54,18.0,2024-12-03 15:15,15:37:28
London,7.0,76,3.6,19.24,35.52,481.0,89.54,18.0,2024-12-03 15:45,15:47:29
London,7.0,76,3.6,19.24,35.52,481.0,89.54,18.0,2024-12-03 15:30,15:57:33
London,7.0,76,3.6,19.24,35.52,481.0,89.54,18.0,2024-12-03 15:45,16:07:34
London,7.2,76,4.0,24.42,41.81,558.7,104.525,3.0,2024-12-03 16:00,16:17:34
London,7.2,76,4.0,24.42,41.81,558.7,104.525,3.0,2024-12-03 16:15,16:27:34
London,5.3,81,4.0,24.42,41.81,558.7,104.525,3.0,2024-12-03 16:15,16:37:35
London,5.3,81,4.0,24.42,41.81,558.7,104.525,3.0,2024-12-03 16:30,16:47:35
London,5.3,81,4.0,24.42,41.81,558.7,104.525,3.0,2024-12-03 16:45,16:57:35
London,5.4,81,5.0,31.635,50.135,660.45,118.77,0.0,2024-12-03 17:00,17:07:36
London,5.2,87,5.0,31.635,50.135,660.45,118.77,0.0,2024-12-03 17:00,17:17:36
London,5.2,87,5.0,31.635,50.135,660.45,118.77,0.0,2024-12-03 17:15,17:27:42
London,4.0,87,5.0,31.635,50.135,660.45,118.77,0.0,2024-12-03 17:30,17:37:53
London,4.4,87,5.0,31.635,50.135,660.45,118.77,0.0,2024-12-03 17:45,17:47:53
London,4.4,87,5.0,31.635,50.135,660.45,118.77,0.0,2024-12-03 17:45,17:57:53
London,4.1,87,4.0,35.705,58.46,701.15,125.8,0.0,2024-12-03 18:00,18:07:53
London,4.1,87,4.0,35.705,58.46,701.15,125.8,0.0,2024-12-03 18:00,18:17:54
London,4.1,87,4.0,35.705,58.46,701.15,125.8,0.0,2024-12-03 18:15,18:27:54
London,4.3,93,4.0,35.705,58.46,701.15,125.8,0.0,2024-12-03 18:45,18:37:54
London,4.2,93,4.0,35.705,58.46,701.15,125.8,0.0,2024-12-03 18:45,18:47:55
London,4.2,93,4.0,35.705,58.46,701.15,125.8,0.0,2024-12-03 18:45,18:57:55
London,4.2,93,4.0,35.705,58.46,701.15,125.8,0.0,2024-12-03 18:45,19:07:55
London,4.2,93,4.7,36.075,58.645,699.3,126.725,0.0,2024-12-03 19:15,19:18:01
London,4.2,93,4.7,36.075,58.645,699.3,126.725,0.0,2024-12-03 19:15,19:28:04
London,5.4,87,4.7,36.075,58.645,699.3,126.725,0.0,2024-12-03 19:30,19:38:26
London,5.1,87,4.7,36.075,58.645,699.3,126.725,0.0,2024-12-03 19:45,19:48:28
London,5.1,87,4.7,36.075,58.645,699.3,126.725,0.0,2024-12-03 19:45,19:58:28
London,5.3,87,4.0,35.52,51.06,662.3,121.545,0.0,2024-12-03 20:00,20:08:29
London,5.4,87,4.0,35.52,51.06,662.3,121.545,0.0,2024-12-03 20:15,20:18:29
London,5.4,87,4.0,35.52,51.06,662.3,121.545,0.0,2024-12-03 20:15,20:28:44
London,4.0,93,4.0,35.52,51.06,662.3,121.545,0.0,2024-12-03 20:30,20:38:44
London,4.1,93,4.0,35.52,51.06,662.3,121.545,0.0,2024-12-03 20:45,20:48:45
London,4.1,93,4.0,35.52,51.06,662.3,121.545,0.0,2024-12-03 20:45,20:58:46
London,4.3,93,4.7,35.705,51.615,625.3,114.885,1.0,2024-12-03 21:00,21:08:46
London,4.3,93,4.7,35.705,51.615,625.3,114.885,1.0,2024-12-03 21:15,21:18:46
London,4.3,93,4.7,35.705,51.615,625.3,114.885,1.0,2024-12-03 21:30,21:28:46
London,3.1,93,4.7,35.705,51.615,625.3,114.885,1.0,2024-12-03 21:30,21:38:47
London,3.2,93,4.7,35.705,51.615,625.3,114.885,1.0,2024-12-03 21:30,21:48:54
London,3.2,93,4.7,35.705,51.615,625.3,114.885,1.0,2024-12-03 21:45,21:59:03
London,3.0,93,4.7,35.705,51.615,625.3,114.885,1.0,2024-12-03 21:45,22:09:30
London,2.1,93,5.4,35.52,52.91,603.1,107.485,1.0,2024-12-03 22:00,22:19:34
London,2.1,93,5.4,35.52,52.91,603.1,107.485,1.0,2024-12-03 22:15,22:29:35
London,2.1,93,5.4,35.52,52.91,603.1,107.485,1.0,2024-12-03 22:30,22:39:37
London,2.2,93,5.4,35.52,52.91,603.1,107.485,1.0,2024-12-03 22:45,22:49:38
London,2.2,93,5.4,35.52,52.91,603.1,107.485,1.0,2024-12-03 22:45,22:59:38
London,2.2,93,5.8,34.595,49.95,575.35,93.98,4.0,2024-12-03 23:00,23:09:38
London,2.0,93,5.8,34.595,49.95,575.35,93.98,4.0,2024-12-03 23:15,23:19:39
London,2.0,93,5.8,34.595,49.95,575.35,93.98,4.0,2024-12-03 23:15,23:29:39
London,3.2,87,5.8,34.595,49.95,575.35,93.98,4.0,2024-12-03 23:15,23:39:43
London,3.3,93,5.8,34.595,49.95,575.35,93.98,4.0,2024-12-03 23:45,23:49:43
London,3.3,93,5.8,34.595,49.95,575.35,93.98,4.0,2024-12-03 23:45,23:59:43
London,3.0,93,5.8,23.865,36.63,469.9,70.67,15.0,2024-12-04 00:00,00:09:45
London,2.4,100,5.8,23.865,36.63,469.9,70.67,15.0,2024-12-04 00:15,00:19:46
London,2.4,100,6.8,23.865,36.63,469.9,70.67,15.0,2024-12-04 00:00,00:29:47
London,2.4,100,6.8,23.865,36.63,469.9,70.67,15.0,2024-12-04 00:30,00:39:47
London,2.2,100,6.8,23.865,36.63,469.9,70.67,15.0,2024-12-04 00:45,00:49:48
London,2.2,100,6.8,23.865,36.63,469.9,70.67,15.0,2024-12-04 00:45,00:59:48
London,2.3,100,6.8,23.865,36.63,469.9,70.67,15.0,2024-12-04 01:00,01:09:48
London,3.2,93,6.8,23.865,36.63,469.9,70.67,15.0,2024-12-04 01:30,01:19:48
London,3.2,93,6.8,23.865,36.63,469.9,70.67,15.0,2024-12-04 01:15,01:29:49
London,2.1,93,6.8,23.865,36.63,469.9,70.67,15.0,2024-12-04 01:30,01:39:49
London,1.1,93,6.8,23.865,36.63,469.9,70.67,15.0,2024-12-04 01:45,01:49:53
London,1.1,93,6.8,23.865,36.63,469.9,70.67,15.0,2024-12-04 01:30,01:59:53
London,1.1,93,6.5,19.055,31.08,419.95,62.715,17.0,2024-12-04 02:00,02:09:54
London,2.0,93,6.5,19.055,31.08,419.95,62.715,17.0,2024-12-04 02:00,02:19:54
London,2.0,93,6.5,19.055,31.08,419.95,62.715,17.0,2024-12-04 02:15,02:29:58
London,2.2,93,6.5,19.055,31.08,419.95,62.715,17.0,2024-12-04 02:30,02:39:58
London,2.1,100,6.5,19.055,31.08,419.95,62.715,17.0,2024-12-04 02:30,02:49:58
London,2.1,100,6.5,19.055,31.08,419.95,62.715,17.0,2024-12-04 02:45,02:59:58
London,2.4,100,6.1,15.91,26.085,382.95,59.2,19.0,2024-12-04 03:00,03:09:59
London,2.2,100,6.1,15.91,26.085,382.95,59.2,19.0,2024-12-04 03:30,03:20:08
London,2.2,100,6.1,15.91,26.085,382.95,59.2,19.0,2024-12-04 03:15,03:30:08
London,2.1,100,6.8,23.865,36.63,469.9,70.67,15.0,2024-12-04 03:30,03:40:08
London,2.3,100,6.1,15.91,26.085,382.95,59.2,19.0,2024-12-04 03:45,03:50:09
London,2.3,100,6.1,15.91,26.085,382.95,59.2,19.0,2024-12-04 03:45,04:00:12
London,2.3,100,6.1,15.91,26.085,382.95,59.2,19.0,2024-12-04 03:45,04:10:13
London,3.4,100,8.6,15.17,22.385,364.45,55.315,21.0,2024-12-04 04:15,04:20:16
London,3.4,100,8.6,15.17,22.385,364.45,55.315,21.0,2024-12-04 04:15,04:30:16
London,3.2,100,8.6,15.17,22.385,364.45,55.315,21.0,2024-12-04 04:30,04:40:16
London,3.3,100,8.6,15.17,22.385,364.45,55.315,21.0,2024-12-04 04:45,04:50:16
London,3.2,100,9.0,13.32,23.495,357.05,50.69,23.0,2024-12-04 05:00,05:01:09
London,3.2,100,9.0,13.32,23.495,357.05,50.69,23.0,2024-12-04 05:00,05:11:13
London,3.2,100,9.0,13.32,23.495,357.05,50.69,23.0,2024-12-04 05:15,05:21:13
London,3.3,100,9.0,13.32,23.495,357.05,50.69,23.0,2024-12-04 05:15,05:31:14
London,3.3,100,9.0,13.32,23.495,357.05,50.69,23.0,2024-12-04 05:15,05:41:15
London,4.0,93,7.6,13.32,23.495,357.05,50.69,23.0,2024-12-04 05:30,05:51:15
London,4.0,93,7.6,13.32,23.495,357.05,50.69,23.0,2024-12-04 05:45,06:01:16
London,4.0,93,9.4,15.17,24.605,370.0,58.83,20.0,2024-12-04 06:00,06:11:23
London,4.1,93,9.4,15.17,24.605,370.0,58.83,20.0,2024-12-04 06:00,06:21:27
London,4.4,93,9.4,15.17,24.605,370.0,58.83,20.0,2024-12-04 06:15,06:31:46
London,4.4,93,9.4,15.17,24.605,370.0,58.83,20.0,2024-12-04 06:30,06:41:46
London,4.3,93,9.4,15.17,24.605,370.0,58.83,20.0,2024-12-04 06:45,06:51:46
London,4.3,93,9.4,17.575,27.195,407.0,82.14,4.0,2024-12-04 07:00,07:01:47
London,4.2,93,9.4,15.17,24.605,370.0,58.83,20.0,2024-12-04 06:45,07:11:47
London,4.4,100,9.4,17.575,27.195,407.0,82.14,4.0,2024-12-04 07:15,07:21:47
London,4.1,100,9.4,17.575,27.195,407.0,82.14,4.0,2024-12-04 07:15,07:31:48
London,4.1,100,9.4,17.575,27.195,407.0,82.14,4.0,2024-12-04 07:30,07:41:49
London,4.2,100,9.4,17.575,27.195,407.0,82.14,4.0,2024-12-04 07:30,07:52:09
London,4.4,100,10.1,20.535,30.71,466.2,98.05,1.0,2024-12-04 08:00,08:03:21
London,4.4,100,10.1,20.535,30.71,466.2,98.05,1.0,2024-12-04 08:15,08:13:48
London,5.0,93,10.1,20.535,30.71,466.2,98.05,1.0,2024-12-04 08:15,08:23:49
London,4.1,93,10.1,20.535,30.71,466.2,98.05,1.0,2024-12-04 08:30,08:33:53
London,4.1,93,10.1,20.535,30.71,466.2,98.05,1.0,2024-12-04 08:15,08:43:53
London,4.2,93,10.1,20.535,30.71,466.2,98.05,1.0,2024-12-04 08:30,08:53:54
London,4.3,93,8.6,22.755,32.56,545.75,103.23,3.0,2024-12-04 09:00,09:04:04
London,4.3,93,8.6,22.755,32.56,545.75,103.23,3.0,2024-12-04 09:00,09:14:05
London,4.3,93,8.6,22.755,32.56,545.75,103.23,3.0,2024-12-04 09:15,09:24:05
London,5.2,93,8.6,22.755,32.56,545.75,103.23,3.0,2024-12-04 09:15,09:34:10
London,5.2,93,8.6,22.755,32.56,545.75,103.23,3.0,2024-12-04 09:30,09:44:13
London,5.1,93,8.6,22.755,32.56,545.75,103.23,3.0,2024-12-04 09:45,09:54:17
London,5.4,93,8.3,24.79,31.265,553.15,100.27,6.0,2024-12-04 10:00,10:04:25
London,5.4,93,8.3,24.79,31.265,553.15,100.27,6.0,2024-12-04 10:00,10:14:25
